20050210,0,1.71608,1.8358,1.25428,1.29418,29391677.952
20050211,0,1.28277,1.28277,0.826679,0.883692,42823663.05
20050214,0,0.997713,1.06044,0.917899,0.946407,13438124.948
20050215,0,1.02622,1.04904,0.974902,0.992013,12826683.404
20050216,0,1.02052,1.02622,0.87229,0.906493,18656645.857
20050217,0,0.946407,0.946407,0.87229,0.889393,6775722.61299999
20050218,0,0.866589,0.883692,0.803875,0.843783,9579841.923
20060718,0,6.55642,7.12655,6.34547,6.84718,26446361.069
20060719,0,6.55642,6.8985,6.55642,6.72177,23209876.9
20060720,0,6.67045,6.73317,6.59063,6.61344,18855387.898
20060721,0,6.58493,6.67045,6.51082,6.61344,13202754.625
20060724,0,6.51652,6.65904,6.47661,6.63054,10793799.666
20060725,0,6.50511,6.59633,6.4139,6.52792,13948727.123
20060726,0,6.4196,6.62484,6.35688,6.57353,9045752.072
20060727,0,6.55642,6.92701,6.53931,6.8871,21831397.533
20060728,0,6.84148,7.01821,6.79017,6.98972,9810152.11799999
20060731,0,6.98972,7.18356,6.93271,7.15505,9850318.708
20060801,0,7.12655,7.14365,6.8928,6.98402,5616324.486
20060802,0,6.84148,7.18926,6.78447,7.18356,8263468.40499999
20060803,0,7.18926,7.40021,7.10374,7.38881,8975067.24299999
20060804,0,7.41161,7.47432,7.33749,7.42872,9768578.76299999
20060807,0,7.41161,7.46862,7.32609,7.46862,7992651.763
20060808,0,7.46862,7.49712,7.3603,7.46292,6892715.02999999
20060809,0,7.45722,7.47432,7.15505,7.23488,6458072.316
20060810,0,7.18356,7.29758,7.16645,7.23488,6339150.1
20060811,0,7.14935,7.26907,7.02962,7.16645,7149151.122
20060814,0,7.26907,7.41161,7.24627,7.33179,5945023.476
20060815,0,7.45722,7.57124,7.33749,7.49142,6380719.695
20060816,0,7.47432,7.50282,7.3546,7.40591,6419833.13699999
20060817,0,7.3546,7.38881,7.32038,7.38881,4336777.097
20060818,0,7.39451,7.39451,7.30898,7.3603,3677974.16
20060821,0,7.40021,7.48002,7.33749,7.46862,4562341.68400001
20060822,0,7.3774,7.41161,7.24627,7.26337,7172478.60099999
20060823,0,7.25767,7.43442,7.16075,7.42872,7994928.684
20060824,0,7.42872,7.49712,7.33179,7.3603,7368750.01999999
20060825,0,7.3717,7.41161,7.3546,7.40021,3426448.528
20060828,0,7.33749,7.53704,7.33179,7.50282,8204007.63899999
20060829,0,7.50282,7.54274,7.42301,7.46292,5551952.581
20060830,0,7.46862,7.48572,7.33179,7.45152,8025098.63799999
20060831,0,7.41161,7.54274,7.40591,7.51993,5614047.835
20060901,0,7.51993,7.59975,7.44012,7.58265,2647144.875
20060905,0,7.63395,7.67957,7.54844,7.60545,2854993.647
20060906,0,7.49712,7.65106,7.48002,7.61115,4390276.346
20060907,0,7.58835,7.65676,7.57124,7.61115,2966373.021
20060908,0,7.61685,7.70808,7.54844,7.55414,4972077.424
20060911,0,7.61115,7.68528,7.58265,7.61115,3035481.839
20060912,0,7.63966,7.72517,7.55984,7.58835,4704591.63000001
20060913,0,7.60545,7.67387,7.49142,7.53704,4579357.01800001
20060914,0,7.55414,7.62825,7.45722,7.50852,3593955.73300001
20060915,0,7.50852,7.52563,7.3774,7.3774,5025398.198
20060918,0,7.41161,7.49712,7.30898,7.33749,3413118.406
20060919,0,7.32609,7.40591,7.32609,7.34319,2899896.97
20060920,0,7.41161,7.53134,7.3774,7.50852,3179308.867
20060921,0,7.50852,7.52563,7.38311,7.46862,5705075.39
20060922,0,7.46862,7.50282,7.38881,7.41161,4065433.915
20060925,0,7.44012,7.63966,7.44012,7.53704,5426716.462
20060926,0,7.58265,7.77078,7.52563,7.74228,6468243.30999999
20060927,0,7.73319,7.79108,7.58269,7.65215,2867848.03
20060928,0,7.68689,7.74477,7.50745,7.5306,4720713.273
20060929,0,7.5248,7.69845,7.4785,7.63479,3451954.048
20061002,0,7.6811,7.76792,7.58269,7.76213,4689448.618
20061003,0,7.7737,7.91263,7.7737,7.90106,5980322.569
20061004,0,7.92998,8.05733,7.84317,7.98787,6702467.38499999
20061005,0,7.92998,7.92998,7.68689,7.73319,4146110.282
20061006,0,7.7274,7.80265,7.67531,7.79687,4860830.37
20061009,0,7.76792,7.85474,7.74477,7.80844,3350196.658
20061010,0,7.8258,7.8258,7.67531,7.73898,2671761.634
20061011,0,7.77949,7.84317,7.69845,7.80844,3786594.708
20061012,0,7.79687,7.93577,7.76213,7.91263,3350541.796
20061013,0,7.87211,7.97051,7.8258,7.95315,2561712.628
20061016,0,7.98787,8.01682,7.89526,7.99945,4255122.813
20061017,0,7.87211,7.97631,7.81422,7.95315,3463876.247
20061018,0,7.98208,7.98787,7.87211,7.88947,2276828.176
20061019,0,7.84896,7.92998,7.76213,7.80265,3641299.835
20061020,0,7.81422,7.93577,7.73319,7.90106,3119733.584
20061023,0,7.90684,8.00524,7.86632,7.98208,3915648.355
20061024,0,8.00524,8.00524,7.88368,7.95893,3640958.935
20061025,0,7.95315,8.01102,7.90106,7.98208,3830995.184
20061026,0,7.99945,8.05733,7.94736,8.03418,2980314.032
20061027,0,8.04575,8.11521,7.98787,8.01682,3100038.738
20061030,0,8.0747,8.10364,8.0284,8.06312,3579624.703
20061031,0,8.09785,8.10943,7.92998,7.94736,3477176.787
20061101,0,7.98787,7.98787,7.84317,7.93577,4145074.189
20061102,0,8.01102,8.01102,7.75634,7.9242,6694697.242
20061103,0,7.92998,7.95893,7.84317,7.87789,2562230.359
20061106,0,7.88947,7.97631,7.87211,7.92998,2826730.408
20061107,0,7.97051,8.01682,7.91842,7.9242,2525951.241
20061108,0,7.94157,7.95893,7.77949,7.86632,3675147.935
20061109,0,7.98787,7.99366,7.80265,7.84896,3213177.133
20061110,0,7.87211,7.91263,7.7274,7.90684,2586590.707
20061113,0,7.94157,7.97051,7.91842,7.94736,5236930.341
20061114,0,7.95315,7.95315,7.88368,7.9242,4932523.002
20061115,0,7.9242,7.95893,7.87211,7.88947,3326528.253
20061116,0,7.93577,8.06312,7.90684,7.90684,3750833.6
20061117,0,7.9242,7.98787,7.31643,7.98787,3213196.483
20061120,0,7.99945,8.1268,7.86632,8.02261,5645166.353
20061121,0,8.03996,8.1268,7.99945,8.08049,6085362.78199999
20061122,0,8.09207,8.13259,8.04575,8.06891,4401278.933
20061124,0,8.05155,9.2613,8.00524,9.2613,1211405.822
20061127,0,8.03996,8.06891,7.84896,7.88947,3316509.682
20061128,0,7.88947,7.90106,7.8258,7.8258,3123706.803
20061129,0,7.87211,8.08628,7.86053,8.01102,5736902.632
20061130,0,7.99366,8.14416,7.95893,8.06891,4925612.595
20061201,0,8.0747,8.09207,7.92998,7.95315,3949335.73
20061204,0,7.98787,8.05733,7.93577,8.03418,3325318.427
20061205,0,8.06312,8.08628,7.98787,8.06312,4820917.68
20061206,0,8.08049,8.14995,8.05155,8.121,4103786.247
20061207,0,8.15574,8.21361,8.1268,8.1731,3562867.141
20061208,0,8.19046,8.20784,8.1268,8.1731,3107985.666
20061211,0,8.17889,8.19046,8.09207,8.10364,3699003.98
20061212,0,8.10943,8.19625,8.0747,8.18468,5890142.849
20061213,0,8.26571,8.34675,8.15574,8.24256,2987742.82400001
20061214,0,8.24256,8.28308,8.2194,8.24835,2247804.089
20061215,0,8.26571,8.32938,8.25414,8.31203,3674645.49
20061218,0,8.33517,8.35254,8.20205,8.20784,2195457.536
20061219,0,8.15574,8.2194,8.01682,8.06312,3104357.304
20061220,0,8.09207,8.14995,8.04575,8.05155,2180600.159
20061221,0,8.06312,8.0747,7.90684,7.94157,3224426.719
20061222,0,7.89526,8.06312,7.83738,8.01102,4022932.15000001
20061226,0,7.97631,8.08628,7.97631,8.06312,1632772.196
20061227,0,8.12205,8.21047,8.0749,8.15153,3036432.065
20061228,0,8.13385,8.26941,8.10438,8.23405,4278013.78700001
20061229,0,8.24584,8.3814,8.23993,8.3696,4556430.329
20070103,0,8.3755,8.42855,8.20457,8.36372,7968661.42
20070104,0,8.33425,8.35782,8.22815,8.23405,4522497.048
20070105,0,8.25173,8.25762,8.12795,8.20457,3987892.688
20070108,0,8.1751,8.35782,8.0808,8.32246,4745092.503
20070109,0,8.32246,8.38729,8.24584,8.34014,4562536.603
20070110,0,8.31067,8.31067,8.1751,8.26352,4021147.017
20070111,0,8.2753,8.39909,8.22815,8.35193,4094610.741
20070112,0,8.3696,8.39909,8.29298,8.33425,3726444.696
20070116,0,8.3755,8.41087,8.29298,8.38729,4473633.909
20070117,0,8.40497,8.47571,8.3814,8.43444,5716741.246
20070118,0,8.95903,8.95903,8.41677,8.53464,5276643.031
20070119,0,8.60537,8.78219,8.54054,8.65842,4340788.216
20070122,0,8.66431,8.66431,8.50517,8.51697,2870163.69
20070123,0,8.51106,8.57591,8.41677,8.55233,2644173.656
20070124,0,8.56412,8.66431,8.54054,8.64663,2516249.67
20070125,0,8.62305,8.68789,8.4698,8.49928,2648246.788
20070126,0,8.49928,8.62896,8.47571,8.62305,1659968.357
20070129,0,8.62896,8.67021,8.53464,8.5818,2314861.153
20070130,0,8.59359,8.65252,8.55233,8.58768,1724270.086
20070131,0,8.59948,8.78219,8.59948,8.75862,3344197.713
20070201,0,8.77041,8.77041,8.64663,8.71147,3022519.635
20070202,0,8.69967,8.72325,8.60537,8.68789,5634286.819
20070205,0,8.69379,8.75862,8.69379,8.73504,1991486.479
20070206,0,8.72915,8.77041,8.69967,8.71736,3696753.488
20070207,0,8.72325,8.75272,8.59359,8.62305,2996179.448
20070208,0,8.68199,8.90008,8.67021,8.78219,6421154.511
20070209,0,8.78809,8.87061,8.70557,8.72325,4157554.833
20070212,0,8.70557,8.72325,8.59359,8.63484,2804946.32
20070213,0,8.66431,8.77041,8.61716,8.75862,2554275.402
20070214,0,8.80578,8.84113,8.76451,8.82934,2374259.791
20070215,0,8.83524,8.89418,8.81167,8.84113,3076810.259
20070216,0,8.83524,8.90008,8.76451,8.83524,2931750.398
20070220,0,8.8765,8.92954,8.82934,8.90597,2774814.486
20070221,0,8.86471,8.96491,8.84704,8.91775,3906117.832
20070222,0,8.96491,9.21246,8.92954,9.02974,5363337.762
20070223,0,9.05332,9.11816,8.95312,9.10637,5279864.875
20070226,0,9.12405,9.14174,9.02974,9.04743,3420097.924
20070227,0,9.02386,9.02974,8.54643,8.64663,3941405.273
20070228,0,8.92366,8.92366,8.62896,8.85882,5239316.504
20070301,0,8.68199,8.87061,8.59948,8.77041,4516541.582
20070302,0,8.75272,8.7763,8.44034,8.4698,6423891.302
20070305,0,8.43444,8.51697,8.39909,8.43444,3524219.829
20070306,0,8.4698,8.74094,8.4698,8.68789,4288871.204
20070307,0,8.64074,8.68199,8.49338,8.49928,5759158.796
20070308,0,8.56412,8.64663,8.51106,8.58768,2983835.959
20070309,0,8.60537,8.68789,8.49338,8.52285,3719149.687
20070312,0,8.52875,8.54643,8.3696,8.4698,5486682.184
20070313,0,8.46392,8.4698,8.2871,8.29888,5805475.166
20070314,0,8.28119,8.36372,8.26941,8.35782,3112269.306
20070315,0,8.35782,8.4816,8.34014,8.43444,3284307.613
20070316,0,8.4698,8.55233,8.42855,8.4816,6460715.165
20070319,0,8.53464,8.5818,8.49338,8.55233,3824509.737
20070320,0,8.55233,8.61127,8.48749,8.59359,3806694.981
20070321,0,8.60537,8.69967,8.56412,8.65252,3778021.74
20070322,0,8.54643,8.75272,8.54643,8.71736,2593275.995
20070323,0,8.74684,8.74684,8.71147,8.73504,2046999.835
20070326,0,8.72915,8.75272,8.64663,8.69379,3188109.613
20070327,0,8.66431,8.72915,8.62896,8.69379,7125269.50299999
20070328,0,8.62782,8.71177,8.60984,8.68179,3570051.771
20070329,0,8.60984,8.8077,8.60984,8.75374,2879223.771
20070330,0,8.78372,8.85566,8.73576,8.80171,4174648.39
20070402,0,8.8077,8.88564,8.78372,8.86166,2959260.963
20070403,0,8.90363,8.9396,8.86166,8.90363,3312532.854
20070404,0,8.90963,8.96359,8.85566,8.92162,2497451.643
20070405,0,8.9396,8.9516,8.89164,8.93361,3091710.418
20070409,0,8.96359,8.96359,8.85566,8.90963,2933097.147
20070410,0,8.90963,8.9396,8.84368,8.90363,2806157.062
20070411,0,8.88564,8.90963,8.8137,8.84368,2893624.691
20070412,0,9.05352,9.05352,8.74774,8.77173,4959712.901
20070413,0,8.80171,8.80171,8.6698,8.72377,6965975.587
20070416,0,8.85566,8.85566,8.74774,8.78372,4075021.563
20070417,0,8.78372,8.81969,8.72377,8.77173,5892060.843
20070418,0,8.75974,8.8137,8.72976,8.77772,2877891.576
20070419,0,8.85566,8.99358,8.75374,8.82568,2150613.797
20070420,0,8.96958,8.99358,8.82568,8.86765,4089146.09
20070423,0,8.90363,8.9516,8.83168,8.83768,2983960.153
20070424,0,8.83168,8.86765,8.75974,8.8137,3082727.316
20070425,0,8.82568,8.94559,8.80171,8.91562,3259134.836
20070426,0,8.84368,9.02955,8.69379,8.88564,2885986.114
20070427,0,8.87965,8.91562,8.84368,8.86166,4380888.768
20070430,0,8.88564,8.90963,8.75374,8.75374,3913733.56
20070501,0,8.77772,8.81969,8.69379,8.77772,4368463.662
20070502,0,8.83168,8.88564,8.78372,8.86166,3449783.047
20070503,0,8.87366,8.92162,8.8077,8.84967,4806483.645
20070504,0,8.91562,8.92761,8.84368,8.91562,5617908.588
20070507,0,8.9516,8.96359,8.84967,8.86166,3818105.842
20070508,0,8.84967,9.02955,8.78372,9.01156,5759655.955
20070509,0,9.03554,9.13147,9.00556,9.05953,4715850.437
20070510,0,9.07152,9.10749,8.86166,8.89164,6590490.51199999
20070511,0,8.95759,8.96359,8.77173,8.81969,9089368.112
20070514,0,8.83768,8.87366,8.78971,8.81969,7073718.788
20070515,0,8.8137,8.87366,8.74175,8.75974,5102133.373
20070516,0,8.71177,8.78971,8.70578,8.78372,3344614.618
20070517,0,8.78372,8.79572,8.72976,8.78372,3021492.903
20070518,0,8.8077,8.84368,8.73576,8.84368,3599405.812
20070521,0,8.9396,9.02355,8.90363,8.9516,4097472.759
20070522,0,8.98158,8.99957,8.94559,8.98758,3407273.167
20070523,0,8.99358,9.05953,8.97558,8.99358,5036407.873
20070524,0,9.04753,9.17344,8.94559,8.96359,6018636.621
20070525,0,8.99957,9.02355,8.86765,8.92761,2863546.068
20070529,0,8.99358,9.0835,8.92162,8.9396,3144914.133
20070530,0,8.94559,9.03554,8.88564,8.99358,4654166.925
20070531,0,9.04154,9.10749,8.95759,9.00556,4018113.806
20070601,0,9.00556,9.0835,8.99358,9.0835,3362890.979
20070604,0,9.07152,9.12547,9.02355,9.11348,2322119.705
20070605,0,9.13147,9.14346,9.00556,9.10749,4955041.259
20070606,0,9.0895,9.0955,9.02355,9.05352,2601192.534
20070607,0,9.03554,9.06552,8.86765,8.86765,3535193.119
20070608,0,8.84967,8.9396,8.73576,8.93361,6529332.541
20070611,0,8.9396,8.96958,8.87366,8.89164,4937027.174
20070612,0,8.87965,8.89763,8.78372,8.80171,4590397.171
20070613,0,8.8137,8.90363,8.80171,8.89763,3270004.306
20070614,0,8.92761,8.94559,8.86765,8.89164,3685633.433
20070615,0,8.8137,8.95759,8.80171,8.92761,6103861.15
20070618,0,8.98158,9.07751,8.90963,9.05953,4742414.623
20070619,0,9.05953,9.07751,9.01156,9.04753,3357102.867
20070620,0,9.1015,9.1015,8.96359,8.96958,2923756.364
20070621,0,8.98758,9.07751,8.96359,9.05352,2103337.042
20070622,0,9.02955,9.0835,8.9516,9.00556,5457067.156
20070625,0,8.99358,9.05953,8.96958,8.99957,4216577.346
20070626,0,9.06552,9.11948,8.97558,8.98758,5531006.841
20070627,0,8.957,9.05455,8.9448,9.05455,3435758.643
20070628,0,9.06065,9.09114,8.99358,9.00577,3801164.478
20070629,0,9.02406,9.10943,8.9387,8.99358,4975380.063
20070702,0,9.03016,9.07894,8.9326,8.96919,4108375.39199999
20070703,0,8.97529,9.05455,8.97529,9.00577,2940068.021
20070705,0,9.06674,9.07284,8.957,9.04237,4660987.179
20070706,0,9.04237,9.09114,9.00577,9.04845,3841017.609
20070709,0,9.08505,9.08505,8.957,8.98748,3580404.446
20070710,0,8.97529,9.02406,8.87163,8.87773,3956109.329
20070711,0,8.87773,8.9387,8.84724,8.88992,2953910.156
20070712,0,8.88383,8.98748,8.85944,8.98748,4352897.949
20070713,0,8.99358,9.02406,8.9509,8.96309,3491029.018
20070716,0,8.98748,9.05455,8.91432,8.92651,2359880.63100001
20070717,0,8.90822,9.05455,8.90212,8.98138,3250082.265
20070718,0,8.9387,8.957,8.73749,8.79237,5153067.112
20070719,0,8.84114,9.08505,8.81676,9.06674,5074507.269
20070720,0,9.05455,9.05455,8.9326,8.98748,5369523.228
20070723,0,9.01187,9.05455,8.96309,8.99358,2313134.15300001
20070724,0,9.11552,9.11552,8.80456,8.82896,3034225.07200001
20070725,0,8.86553,8.92651,8.78627,8.80456,3507807.354
20070726,0,9.04845,9.09114,8.42043,8.4814,6617103.124
20070727,0,8.50579,8.53627,8.33507,8.35336,6697639.474
20070730,0,8.35336,8.4814,8.32896,8.45702,5347086.611
20070731,0,8.46311,8.57895,8.38385,8.38385,4230108.544
20070801,0,8.70091,8.70091,8.13996,8.46311,6160070.64900001
20070802,0,8.68871,8.68871,8.41432,8.4997,5248311.884
20070803,0,8.4814,8.53018,8.2375,8.2375,4786579.931
20070806,0,8.47531,8.47531,8.10946,8.22532,6929673.672
20070807,0,8.20092,8.59116,8.17654,8.57286,10364507.384
20070808,0,8.77408,9.20699,8.42653,8.57895,8418744.029
20070809,0,8.46921,8.62163,8.31068,8.44482,8409160.92
20070810,0,8.39604,8.51189,8.32286,8.39604,5614450.489
20070813,0,8.38994,8.46311,8.2619,8.34117,3829209.049
20070814,0,8.29239,8.39604,8.16433,8.17654,4598724.998
20070815,0,8.13996,8.18873,7.93874,7.98142,4381258.175
20070816,0,7.87166,7.95704,7.59729,7.81069,7200677.72
20070817,0,8.0241,8.23142,7.91436,8.13386,4834073.29199999
20070820,0,8.20092,8.2436,8.03629,8.15824,3106927.597
20070821,0,8.07287,8.35946,7.98751,8.19482,3170889.83
20070822,0,8.29239,8.32896,8.13386,8.23142,3224683.823
20070823,0,8.29848,8.4875,8.2436,8.4814,5341672.23
20070824,0,8.47531,8.55457,8.45091,8.52408,2675755.636
20070827,0,8.4997,8.53627,8.38994,8.43872,2724302.005
20070828,0,8.42653,8.44482,8.16433,8.20703,3959594.638
20070829,0,8.23142,8.57895,8.21922,8.56677,4284325.511
20070830,0,8.46311,8.62774,8.42043,8.4997,3196802.746
20070831,0,8.56677,8.74969,8.53018,8.68871,2899460.305
20070904,0,8.63993,8.82896,8.59725,8.76798,4704346.261
20070905,0,8.68262,8.77408,8.54238,8.58506,4870648.997
20070906,0,8.63384,8.68262,8.54848,8.60335,3482828.484
20070907,0,8.53018,8.65213,8.4814,8.60945,5183733.675
20070910,0,8.61554,8.707,8.51189,8.53018,3034601.429
20070911,0,8.4814,8.59116,8.42653,8.54848,2818114.066
20070912,0,8.52408,8.59725,8.4875,8.53627,2414165.969
20070913,0,8.63384,8.68262,8.50579,8.54848,2655583.247
20070914,0,8.47531,8.55457,8.45091,8.4875,2453364.005
20070917,0,8.4814,8.63993,8.4814,8.59116,2543403.52300001
20070918,0,8.62163,8.7192,8.52408,8.7192,3547611.52
20070919,0,8.73139,8.84114,8.7192,8.82896,3046901.125
20070920,0,8.82896,8.84114,8.66432,8.74359,2969490.754
20070921,0,8.59116,8.88383,8.53018,8.80456,4307944.397
20070924,0,8.78017,8.84114,8.67652,8.707,4705722.283
20070925,0,8.64603,8.84114,8.63993,8.83505,4476048.586
20070926,0,8.79182,8.99657,8.76079,8.84145,4867248.22
20070927,0,8.88488,8.95314,8.81044,8.86007,3832682.596
20070928,0,8.86007,8.8911,8.68014,8.7546,3303876.039
20071001,0,8.78562,8.85386,8.59328,8.68635,4843233.859
20071002,0,8.64912,8.7732,8.61809,8.69255,4782957.626
20071003,0,8.63671,8.67393,8.59948,8.64291,3720827.541
20071004,0,8.64912,8.7732,8.63671,8.7546,4465928.487
20071005,0,8.78562,8.81663,8.70496,8.72978,3411861.468
20071008,0,8.74219,8.767,8.66153,8.69876,3716961.302
20071009,0,8.69876,8.7732,8.50641,8.71116,8099081.478
20071010,0,8.71116,8.80423,8.68635,8.77941,4063320.694
20071011,0,8.78562,8.86627,8.68014,8.76079,3870718.697
20071012,0,8.74219,8.92832,8.73598,8.90971,4550117.286
20071015,0,8.84145,8.93452,8.68635,8.76079,5742755.037
20071016,0,8.74219,8.79803,8.53123,8.57466,4754749.635
20071017,0,8.64912,8.73598,8.53744,8.64912,5266152.148
20071018,0,8.66153,8.77941,8.6305,8.72357,4485915.263
20071019,0,8.66153,8.76079,8.65532,8.68635,5509361.169
20071022,0,8.61188,8.68635,8.54984,8.64912,5594459.028
20071023,0,8.65532,8.68635,8.46919,8.59328,6588086.278
20071024,0,8.57466,8.64291,8.38232,8.56846,5331266.114
20071025,0,8.53123,8.59328,8.44436,8.52503,3959203.883
20071026,0,8.50641,8.58707,8.44436,8.51882,4653694.144
20071029,0,8.53123,8.54984,8.31408,8.33889,5711149.341
20071030,0,8.31408,8.32648,8.19618,8.23961,7260498.177
20071031,0,8.26444,8.36992,8.19618,8.33889,4161228.515
20071101,0,8.30167,8.34509,8.12173,8.14034,4209019.689
20071102,0,8.14655,8.22101,8.0783,8.18377,3774015.782
20071105,0,8.16517,8.16517,8.03487,8.0783,4673407.789
20071106,0,8.08451,8.22721,8.08451,8.2148,4974656.858
20071107,0,8.14034,8.15276,7.91078,7.91698,5956787.466
20071108,0,8.06589,8.64291,7.91078,8.53123,9751738.717
20071109,0,8.46299,8.61809,8.29546,8.41955,8156780.784
20071112,0,8.44436,8.53123,8.37612,8.38232,7854637.287
20071113,0,8.43196,8.66153,8.41955,8.64912,6289056.681
20071114,0,8.64291,8.73598,8.36371,8.37612,8770994.186
20071115,0,8.36992,8.40093,8.23342,8.30167,7743737.42199999
20071116,0,8.15896,8.31408,8.12793,8.22721,8909661.78100001
20071119,0,8.17136,8.25824,8.14034,8.15276,6659718.79200001
20071120,0,8.17757,8.23961,7.82392,7.96041,8738399.396
20071121,0,7.91078,8.09071,7.87355,7.99764,5657118.267
20071123,0,8.06589,8.09071,7.97903,8.08451,2513222.1786
20071126,0,8.08451,8.08451,7.89837,7.89837,6713468.786
20071127,0,7.91698,7.97282,7.68121,7.86735,8463680.169
20071128,0,7.92319,8.04728,7.87976,8.04108,5746177.02500001
20071129,0,7.98523,8.14034,7.88596,8.05969,6650211.557
20071130,0,8.15896,8.17136,7.91698,8.02866,7007949.506
20071203,0,8.14655,8.20859,8.03487,8.13414,4954750.084
20071204,0,8.11552,8.27065,8.0783,8.18998,5996995.004
20071205,0,8.24583,8.38232,8.24583,8.3575,6271242.616
20071206,0,8.3575,8.40093,8.2148,8.36992,6234074.834
20071207,0,8.36371,8.40093,8.24583,8.26444,5894972.99945
20071210,0,8.31408,8.32648,8.19618,8.24583,5693197.45199999
20071211,0,8.27684,8.28925,8.06589,8.06589,6392243.248
20071212,0,8.2148,8.3513,8.15276,8.34509,8260611.324
20071213,0,8.30787,8.34509,8.22101,8.28925,4991160.494
20071214,0,8.23961,8.28925,8.18377,8.23961,4691977.82845
20071217,0,8.18377,8.30167,8.09692,8.10312,3937836.155
20071218,0,8.15896,8.74839,7.86735,8.09692,9564267.038
20071219,0,8.12173,8.13414,7.9542,7.96661,5830150.812
20071220,0,8.01626,8.06589,7.86735,7.97903,5364072.1
20071221,0,8.09071,8.14034,8.03487,8.06589,7300816.774
20071224,0,8.10312,8.3513,8.05969,8.25824,1976747.771
20071226,0,8.22744,8.30334,8.04406,8.08199,3083577.276
20071227,0,8.05037,8.15788,8.05037,8.13892,3527612.967
20071228,0,8.17686,8.23377,8.08832,8.10729,3900171.664
20071231,0,8.07567,8.27804,8.0567,8.2148,5219391.552
20080102,0,8.28436,8.28436,7.97449,8.01243,5972868.833
20080103,0,8.02509,8.07567,7.81638,7.84801,7138785.95099999
20080104,0,7.81006,7.83536,7.55711,7.57608,6569741.399
20080107,0,7.60137,7.8986,7.56975,7.84169,7622914.505
20080108,0,7.85434,7.89228,7.41166,7.44961,9169149.056
20080109,0,7.46225,7.46857,6.98795,7.27886,18837924.396
20080110,0,7.24091,7.43063,7.184,7.37371,8338187.3996
20080111,0,7.2915,7.43063,7.20297,7.34209,6490144.492
20080114,0,7.38004,7.4243,7.23459,7.41166,5131149.126
20080115,0,7.53181,7.62667,7.30416,7.30416,8034836.62
20080116,0,7.27253,7.41799,7.20297,7.22193,7410316.10499999
20080117,0,7.24091,7.32944,7.16503,7.20929,11549814.245
20080118,0,7.25988,7.34209,6.89942,7.01325,8799173.976
20080122,0,6.77926,7.00693,6.57691,6.93736,9493805.336
20080123,0,6.76661,7.06384,6.61484,7.03855,8695556.423
20080124,0,7.07017,7.10811,6.84882,7.05119,8176625.37199999
20080125,0,7.12707,7.13973,6.95634,6.9753,5781635.677
20080128,0,6.95634,7.12076,6.88044,7.11443,5686764.002
20080129,0,7.16503,7.2915,7.10179,7.24724,4724637.122
20080130,0,7.22826,7.34842,7.12076,7.15869,4842769.195
20080131,0,7.05751,7.39901,7.0259,7.32312,6232051.796
20080201,0,7.36106,7.44328,7.31048,7.41166,3786762.503
20080204,0,7.41799,7.43063,7.26621,7.32944,4837544.224
20080205,0,7.3168,7.32944,7.03222,7.05119,5738018.194
20080206,0,7.12707,7.12707,6.93104,6.95001,5181436.11900001
20080207,0,6.95001,6.9753,6.81088,6.93736,5396511.673
20080208,0,7.45592,7.57608,7.22193,7.34842,10257266.221
20080211,0,7.39901,7.44328,7.29782,7.36106,6431357.085
20080212,0,7.41166,7.45592,7.34209,7.37371,6509138.421
20080213,0,7.45592,7.56975,7.39901,7.51916,6666812.49
20080214,0,7.54447,7.58241,7.41799,7.4243,6318892.158
20080215,0,7.4243,7.66462,7.37371,7.63931,7361084.209
20080219,0,7.75315,7.75315,7.53181,7.56343,9743994.375
20080220,0,7.58241,7.58241,7.3168,7.51916,7057514.693
20080221,0,7.50651,7.58241,7.33577,7.36106,5003615.86500001
20080222,0,7.38004,7.51285,7.29782,7.46857,6158731.402
20080225,0,7.4749,7.79742,7.4749,7.77845,12964633.231
20080226,0,7.75948,7.82272,7.67093,7.76579,5529081.704
20080227,0,7.78477,7.78477,7.55078,7.62667,6906056.634
20080228,0,7.62667,7.85434,7.59505,7.67726,4609531.538
20080229,0,7.63299,7.65197,7.4243,7.44961,4834867.909
20080303,0,7.43694,7.60137,7.41166,7.58873,5725127.315
20080304,0,7.60769,7.61403,7.49387,7.58873,5982241.81400001
20080305,0,7.40533,7.7405,7.40533,7.63299,7174709.242
20080306,0,7.67093,7.67093,7.46857,7.51916,7384719.54
20080307,0,7.59505,7.59505,7.4749,7.52549,6254611.947
20080310,0,7.55078,7.58873,7.33577,7.37371,4949709.811
20080311,0,7.53181,7.72153,7.41166,7.72153,8527822.542
20080312,0,7.72153,7.74683,7.45592,7.49387,7251362.74700001
20080313,0,7.4243,7.62667,7.32944,7.50019,6683638.757
20080314,0,7.56343,7.56343,7.27886,7.39268,6186893.249
20080317,0,7.36739,7.65197,7.29782,7.55078,8315638.442
20080318,0,7.72153,7.8733,7.56343,7.86698,8606176.74999999
20080319,0,7.94287,7.94287,7.62667,7.64564,10155586.065
20080320,0,7.67726,7.72153,7.56343,7.69624,9956208.71799999
20080324,0,7.71521,7.96816,7.68359,7.91757,7820330.063
20080325,0,7.9239,7.9239,7.69624,7.81638,8175624.265
20080326,0,7.81006,7.86066,7.52549,7.62667,7106580.963
20080327,0,7.72382,7.76903,7.54945,7.56237,7019018.666
20080328,0,7.55591,7.69799,7.51716,7.54299,4491838.561
20080331,0,7.52362,7.73673,7.49133,7.70445,7030726.122
20080401,0,7.60112,7.89173,7.60112,7.77548,6846352.622
20080402,0,7.80777,7.89819,7.69799,7.72382,5737947.769
20080403,0,7.74965,7.87236,7.65278,7.84006,6561096.76
20080404,0,7.85943,7.88527,7.73673,7.7884,6553375.833
20080407,0,7.85943,7.85943,7.69799,7.7109,3861530.953
20080408,0,7.73028,7.75611,7.62695,7.7109,4359776.721
20080409,0,7.69153,7.78194,7.57528,7.63987,5157455.563
20080410,0,7.64632,7.68507,7.54299,7.60112,5803149.25999999
20080411,0,7.60112,7.7109,7.55591,7.62048,5722984.128
20080414,0,7.65278,7.67861,7.57528,7.59465,3788761.546
20080415,0,7.62695,7.78194,7.60758,7.65924,6697427.95799999
20080416,0,7.73028,7.81423,7.63341,7.79487,4642071.35799999
20080417,0,7.79487,7.8659,7.52362,7.54945,8420694.44
20080418,0,7.65278,7.73673,7.54299,7.71736,6749530.743
20080421,0,7.69153,7.71736,7.5882,7.63341,3899744.029
20080422,0,7.61404,7.62048,7.32988,7.39446,7216338.24100001
20080423,0,7.48488,7.48488,7.30405,7.37509,4816839.791
20080424,0,7.37509,7.43322,7.3105,7.388,5807956.829
20080425,0,7.43966,7.49133,7.36217,7.47841,5522667.69999999
20080428,0,7.43966,7.62048,7.43966,7.54299,5350159.898
20080429,0,7.50424,7.65924,7.49778,7.61404,5598319.401
20080430,0,7.6657,7.70445,7.54299,7.58175,7830683.543
20080501,0,7.5882,7.94985,7.5882,7.92402,8129400.719
20080502,0,7.97569,8.00796,7.89819,7.96277,5382748.531
20080505,0,8.03381,8.03381,7.70445,7.77548,5193918.927
20080506,0,7.74965,8.02735,7.74965,7.94985,7420731.251
20080507,0,7.96923,8.04672,7.87881,7.89173,5385654.455
20080508,0,7.97569,8.06609,7.84006,8.00152,5953812.93800001
20080509,0,8.4342,8.55045,8.01443,8.27275,8791847.223
20080512,0,8.38254,8.38254,8.04672,8.22755,8677764.628
20080513,0,8.21463,8.40837,8.20818,8.32442,7517767.282
20080514,0,8.34379,8.61503,8.33733,8.44066,11020074.47
20080515,0,8.44713,8.59566,8.40837,8.57628,4631445.53
20080516,0,8.56983,8.56983,8.4213,8.52462,3988615.957
20080519,0,8.58273,8.62149,8.46003,8.56983,4599562.915
20080520,0,8.5569,8.56336,8.36316,8.44066,4555762.611
20080521,0,8.389,8.53753,8.35671,8.39545,6920152.024
20080522,0,8.40837,8.47296,8.31796,8.40837,4438611.648
20080523,0,8.35025,8.4342,8.22108,8.29858,6041542.961
20080527,0,8.30505,8.58273,8.30505,8.53753,5091091.812
20080528,0,8.53753,8.66669,8.47941,8.58273,6069212.437
20080529,0,8.56983,8.64732,8.46003,8.63439,6489926.38
20080530,0,8.71836,8.72481,8.56983,8.61503,5619853.191
20080602,0,8.64732,24.9732,8.46003,8.61503,6854478.85400001
20080603,0,8.5569,8.68607,8.38254,8.50524,8214870.879
20080604,0,8.51816,8.55045,8.41483,8.5117,5054423.469
20080605,0,8.55045,8.71836,8.47296,8.63439,5173236.42
20080606,0,8.93793,9.07356,8.69898,8.7119,13699257.48
20080609,0,8.78939,8.82814,8.62149,8.72481,6693846.501
20080610,0,8.77648,8.77648,8.59566,8.62149,8329885.725
20080611,0,8.60856,8.64086,8.39545,8.39545,6346455.306
20080612,0,8.4342,8.50524,8.20818,8.25984,8194518.887
20080613,0,8.29858,8.47941,8.28567,8.4213,5318826.998
20080616,0,8.35025,8.55045,8.33088,8.52462,7466034.149
20080617,0,8.5569,8.57628,8.44066,8.46003,5892321.966
20080618,0,8.46003,8.52462,8.17588,8.24047,7668908.026
20080619,0,8.24691,8.44713,8.23401,8.42774,6937178.747
20080620,0,8.46649,8.46649,8.21463,8.23401,8270725.399
20080623,0,8.29213,8.37608,8.18235,8.24691,5500051.461
20080624,0,8.13714,8.46003,8.13068,8.40191,10992963.077
20080625,0,8.44066,8.50524,8.39545,8.40837,7405251.808
20080626,0,8.46091,8.46091,8.19754,8.23045,6697354.65900001
20080627,0,8.31606,8.31606,7.93416,8.00659,10242281.428
20080630,0,7.94733,8.21071,7.93416,8.11852,7124882.074
20080701,0,8.00659,8.20413,7.90124,8.15803,11138729.86
20080702,0,8.25021,8.52017,8.00001,8.01976,7288106.71100001
20080703,0,8.06584,8.0856,7.86832,7.9605,6029940.59
20080707,0,7.98025,8.05926,7.73663,7.8749,7146718.15300001
20080708,0,7.8749,7.9605,7.76296,7.94074,9641093.68800001
20080709,0,7.98025,8.09219,7.86832,7.89467,7504318.13
20080710,0,7.90124,8.01976,7.84198,7.93416,7060100.718
20080711,0,7.84198,8.01318,7.73663,8.00001,9177748.014
20080714,0,8.05267,8.07902,7.82881,7.8354,5252323.83500001
20080715,0,7.80248,7.98025,7.75638,7.85515,5749323.421
20080716,0,7.90124,7.96708,7.78272,7.90124,6939669.31300001
20080717,0,7.92758,7.94074,7.78272,7.84857,7243562.32
20080718,0,7.8749,7.96708,7.77613,7.9605,5539378.679
20080721,0,8.01318,8.01318,7.81565,7.84857,4901924.299
20080722,0,7.89467,7.89467,7.73004,7.88149,7461350.391
20080723,0,7.88807,8.0856,7.8749,7.94733,6142137.714
20080724,0,7.9605,7.96708,7.78272,7.79589,5650626.27100001
20080725,0,7.8354,7.88149,7.70372,7.82223,5907109.124
20080728,0,7.86832,7.88149,7.78272,7.7893,4970722.9
20080729,0,7.82881,7.84857,7.72347,7.73663,4792091.755
20080730,0,7.79589,7.9605,7.76955,7.94074,5132718.60800001
20080731,0,7.8749,7.99343,7.7103,7.84857,4589419.015
20080801,0,7.90782,7.90782,7.76955,7.7893,3710216.706
20080804,0,7.85515,7.86174,7.71689,7.76955,4546759.86
20080805,0,7.84198,7.88807,7.70372,7.84857,4977225.86900001
20080806,0,7.84857,8.05267,7.77613,8.00659,5045231.41
20080807,0,7.98684,8.05926,7.90782,7.99343,6161850.508
20080808,0,7.82881,8.33581,7.80248,8.28972,7277384.276
20080811,0,8.2173,8.49384,8.2173,8.30947,5801451.57100001
20080812,0,8.30947,8.44115,8.21071,8.36215,4994631.338
20080813,0,8.34898,8.36873,8.23045,8.28314,4810155.468
20080814,0,8.24362,8.43457,8.15144,8.42799,6659835.8454
20080815,0,8.46091,8.49384,8.27654,8.45432,6116467.794
20080818,0,8.38849,8.48725,8.28972,8.32922,4865632.865
20080819,0,8.30947,8.31606,7.96708,7.99343,7142208.891
20080820,0,8.00001,8.01318,7.84857,7.92758,6394195.406
20080821,0,7.85515,7.91441,7.80248,7.84857,4182115.757
20080822,0,7.8749,7.93416,7.84857,7.90782,4410019.13800001
20080825,0,7.90124,7.92099,7.82881,7.86174,4277404.892
20080826,0,7.89467,7.92099,7.82223,7.88149,3976947.118
20080827,0,7.88807,8.03293,7.86832,7.97367,2972680.299
20080828,0,8.00659,8.19754,7.99343,8.1712,3958081.24874
20080829,0,8.14486,8.28972,8.14486,8.19096,4012037.40600001
20080902,0,8.17779,8.37532,8.16461,8.23045,4293686.855
20080903,0,8.19754,8.36873,8.19754,8.36873,3980380.597
20080904,0,8.37532,8.37532,8.14486,8.19096,6426409.001
20080905,0,8.15803,8.19096,7.9605,7.99343,4701713.95
20080908,0,8.0856,8.32264,8.06584,8.22387,6862012.106
20080909,0,8.16461,8.35556,8.00659,8.01976,6302203.869
20080910,0,8.06584,8.11852,7.95391,7.98684,5031841.608
20080911,0,7.92758,7.97367,7.81565,7.92758,5577691.273
20080912,0,7.90782,7.98025,7.80906,7.95391,4985772.75500001
20080915,0,7.7893,7.93416,7.70372,7.7103,5598554.669
20080916,0,7.69713,7.70372,7.42058,7.64445,8234984.48
20080917,0,7.55227,7.64445,7.33499,7.34157,7395512.966
20080918,0,7.35474,7.59836,7.14404,7.5786,11894460.229
20080919,0,7.77613,7.90124,7.69054,7.76296,7075314.21000001
20080922,0,7.77613,7.77613,7.48642,7.55227,4039497.088
20080923,0,7.59177,7.77613,7.44692,7.47325,4734096.58300001
20080924,0,7.51935,7.59177,7.414,7.47325,3776507.02
20080925,0,7.55885,7.73663,7.48642,7.65762,5082661.096
20080926,0,7.66434,7.66434,7.50284,7.61051,4779122.359
20080929,0,7.53649,7.60378,7.23369,7.27406,8549499.29600001
20080930,0,7.32116,7.40191,7.20004,7.37499,5447471.635
20081001,0,7.36154,7.4692,7.26733,7.38846,4737208.556
20081002,0,7.34808,7.48939,7.23369,7.28751,6205442.767
20081003,0,7.25387,7.42883,7.04528,7.06546,9624462.23
20081006,0,6.93087,6.94433,6.48677,6.7492,10920039.17
20081007,0,6.82995,7.03855,6.45312,6.45985,12900243.19
20081008,0,6.39256,6.53387,6.02919,6.18396,12022902.73
20081009,0,6.23107,6.29162,5.8677,5.92153,14410369.85
20081010,0,5.64564,5.9148,5.3092,5.62545,15032568.152
20081013,0,5.88789,6.5406,5.73311,6.4935,8958512.173
20081014,0,6.83668,6.93761,6.18396,6.35892,10674496.623
20081015,0,6.35218,6.45985,5.7533,5.81386,8127362.625
20081016,0,5.78022,5.99555,5.61873,5.92827,11913865.67
20081017,0,5.8677,6.04938,5.73985,5.84751,7288394.353
20081020,0,5.92153,6.13685,5.84751,6.13013,5038076.747
20081021,0,6.0561,6.19069,5.8677,5.88115,5246926.085
20081022,0,5.86097,5.94171,5.3832,5.53125,6406961.916
20081023,0,5.51106,5.62545,5.19479,5.41012,10438784.76
20081024,0,5.1275,5.32265,5.04675,5.14096,10202871.153
20081027,0,5.14096,5.23517,4.81797,4.92564,10517911.41
20081028,0,4.95928,5.03331,4.71704,4.92564,13640697.32
20081029,0,4.94583,4.99966,4.75067,4.75067,11937285.022
20081030,0,4.87853,4.97947,4.28638,4.39405,17174870.99
20081031,0,4.44114,5.2419,4.3604,5.06021,16118622.42
20081103,0,5.10059,5.55144,5.04675,5.53797,10350840.041
20081104,0,5.60526,6.25126,5.54471,5.96862,15399940.239
20081105,0,5.9148,6.17723,5.60526,5.64564,9756108.533
20081106,0,5.59181,5.78695,5.28901,5.30246,9125369.37
20081107,0,5.71966,5.86097,5.45049,5.72638,8120803.586
20081110,0,6.19069,6.19069,5.5649,5.71966,7776695.33
20081111,0,5.73311,5.80714,5.45722,5.74657,8006545.959
20081112,0,5.68601,5.98209,5.63891,5.78695,12401115.183
20081113,0,5.78022,6.15704,5.47741,6.15032,10345211.283
20081114,0,5.98209,6.06284,5.63218,5.67928,11432416.293
20081117,0,5.61873,6.009,5.55816,5.73311,7454176.955
20081118,0,5.89462,5.92827,5.47068,5.73311,9925602.583
20081119,0,5.68601,5.84078,5.20153,5.22171,7371071.995
20081120,0,5.34283,5.53797,4.85161,4.88526,12420833.633
20081121,0,4.93237,5.01312,4.569,4.91218,12566513.473
20081124,0,5.04675,5.612,5.01312,5.46396,6615776.94
20081125,0,5.57162,5.66582,5.37648,5.59181,6053658.278
20081126,0,5.53797,5.93499,5.41685,5.90134,5064916.112
20081128,0,5.89462,6.00227,4.6161,5.9619,2316325.792
20081201,0,5.85424,5.85424,5.48415,5.49087,5784186.357
20081202,0,5.57162,5.86097,5.36974,5.85424,7627033.256
20081203,0,5.73311,5.92153,5.58508,5.89462,7969037.413
20081204,0,5.81386,5.88115,5.35629,5.46396,9020894.41
20081205,0,5.43704,5.80714,5.3832,5.65909,8161458.66599999
20081208,0,5.65909,5.97536,5.64564,5.92153,6207056.066
20081209,0,5.74657,6.22433,5.74657,5.9148,7046536.59
20081210,0,5.92827,6.15704,5.82733,6.04938,5985146.305
20081211,0,6.21761,6.21761,5.78022,5.83405,6498442.575
20081212,0,5.71292,5.89462,5.65237,5.81386,6427493.826
20081215,0,5.82059,5.96862,5.65909,5.76003,6717060.61599999
20081216,0,5.80041,6.10994,5.71292,6.06956,6204057.153
20081217,0,5.95517,6.1234,5.92153,6.01574,4370157.16
20081218,0,6.09648,6.27144,5.98881,6.04938,5050789.329
20081219,0,6.07629,6.44639,6.07629,6.1705,6395137.37699999
20081222,0,6.19069,6.29835,6.1234,6.2647,5111293.85499999
20081223,0,6.25798,6.32527,6.13685,6.15032,3412952.129
20081224,0,6.13685,6.25798,6.06284,6.19069,1783684.507
20081226,0,6.24452,6.30508,6.21761,6.28489,1895541.721
20081229,0,6.29855,6.29855,6.03582,6.13952,3194487.078
20081230,0,6.16026,6.18101,6.06346,6.15335,3832900.54
20081231,0,6.16718,6.38842,6.11879,6.35385,3031754.372
20090102,0,6.35385,6.55435,6.2778,6.51287,3162438.934
20090105,0,6.54744,6.54744,6.22249,6.29162,5355019.80200001
20090106,0,6.38151,6.51978,6.29162,6.45064,4523015.276
20090107,0,6.40917,6.40917,6.18101,6.21558,3478900.272
20090108,0,6.20866,6.40225,6.18792,6.40225,3220027.809
20090109,0,6.39534,6.41607,6.22249,6.23631,2907609.894
20090112,0,6.25706,6.27088,5.9805,6.06346,4096458.453
20090113,0,6.00124,6.07038,5.94594,6.04273,4342238.661
20090114,0,5.8768,5.99433,5.73852,5.78691,5346925.31
20090115,0,5.78,6.06346,5.64864,5.9805,7329804.084
20090116,0,6.0773,6.16718,5.90445,6.0289,5107354.413
20090120,0,6.00124,6.07038,5.78691,5.79383,5935768.479
20090121,0,6.00816,6.01507,5.79383,5.97359,5571606.637
20090122,0,5.86988,6.13952,5.82148,6.08422,4724618.559
20090123,0,5.96667,6.17409,5.86988,6.10495,4881508.046
20090126,0,6.09803,6.29162,6.09113,6.23631,4647660.976
20090127,0,6.2294,6.36077,6.11879,6.29855,3612221.347
20090128,0,6.37459,6.42991,6.28471,6.36077,4238245.388
20090129,0,6.30545,6.38151,6.1257,6.16718,3213160.064
20090130,0,6.18792,6.2778,5.94594,6.00124,5134947.365
20090202,0,5.91828,6.03582,5.88371,6.00124,3970292.602
20090203,0,6.0289,6.26398,6.01507,6.22249,4726557.993
20090204,0,6.20866,6.22249,5.97359,6.00124,5273641.438
20090205,0,6.08422,6.18101,6.0289,6.08422,7902077.68999999
20090206,0,6.11186,6.2294,6.05656,6.21558,5671856.3
20090209,0,6.20174,6.22249,6.04273,6.14643,5464343.391
20090210,0,6.13261,6.14643,5.8768,5.92519,6336470.027
20090211,0,5.99433,6.00124,5.67628,5.71086,6646739.36
20090212,0,5.63481,5.83531,5.62098,5.8284,4987893.526
20090213,0,5.82148,5.86297,5.65555,5.69704,5805349.589
20090217,0,5.65555,5.65555,5.35826,5.38591,4809669.395
20090218,0,5.4343,5.45505,5.22688,5.27528,5035157.249
20090219,0,5.379,5.379,5.16467,5.18541,6088960.927
20090220,0,5.15083,5.39283,5.15083,5.3306,5821716.286
20090223,0,5.37207,5.41356,5.06095,5.06788,6796854.635
20090224,0,5.09552,5.24072,5.00565,5.19924,6162449.389
20090225,0,5.19924,5.3306,5.09552,5.24072,6630255.47
20090226,0,5.30294,5.35134,5.05404,5.07479,8242804.959
20090227,0,5.03331,5.29603,4.99873,5.16467,4938013.743
20090302,0,5.0817,5.0817,4.65995,4.70143,12058901.157
20090303,0,4.70143,4.736,4.34882,4.40414,11916637.693
20090304,0,4.50094,4.90885,4.50094,4.80514,14327117.456
20090305,0,4.66686,4.7844,4.56315,4.59082,8001191.644
20090306,0,4.61847,4.77057,4.43179,4.55625,7303575.88
20090309,0,4.45255,4.59082,4.34192,4.36266,7449840.176
20090310,0,4.45255,4.70834,4.42488,4.69453,7644077.97300001
20090311,0,4.7291,4.93651,4.69453,4.80514,6963024.449
20090312,0,4.81206,5.01255,4.76367,4.94342,6531286.709
20090313,0,4.99873,5.04022,4.88119,5.00565,6663994.413
20090316,0,5.04712,5.21307,5.04712,5.12318,5772583.804
20090317,0,5.15775,5.379,5.02639,5.35134,6534788.901
20090318,0,5.41356,5.62098,5.24072,5.58641,12420174.591
20090319,0,5.66246,5.66938,5.39973,5.5311,6545943.272
20090320,0,5.53801,5.69704,5.46887,5.54492,10255666.459
20090323,0,5.69012,5.78,5.51036,5.78,8200939.00900001
20090324,0,5.85605,5.86988,5.69704,5.75234,4120292.736
20090325,0,5.80765,5.84914,5.57258,5.71086,5868501.63400001
20090326,0,5.75234,5.80765,5.58641,5.78691,6077876.415
20090327,0,5.80117,5.80117,5.68001,5.72991,4460939.263
20090330,0,5.5945,5.79405,5.5945,5.71565,6973180.703
20090331,0,5.77267,5.85106,5.68001,5.75128,6874129.074
20090401,0,5.76554,5.88669,5.5945,5.84393,6322486.148
20090402,0,5.84393,6.05061,5.84393,5.97222,6268134.782
20090403,0,5.95083,6.07912,5.92946,6.07199,4936996.982
20090406,0,6.04348,6.16463,5.87956,6.05773,6235987.147
20090407,0,5.9936,5.9936,5.82255,5.87245,4616978.46
20090408,0,5.90808,5.9936,5.81542,5.85818,3500805.444
20090409,0,6.00072,6.05773,5.92946,6.03635,3632332.305
20090413,0,6.08625,6.08625,5.87245,5.95083,4139240.11
20090414,0,5.90808,5.95795,5.82255,5.87956,3866231.181
20090415,0,5.85106,5.98646,5.77978,5.95083,3132835.461
20090416,0,6.03635,6.03635,5.87245,5.91519,4951434.112
20090417,0,5.95795,6.03635,5.92946,6.01497,4926306.417
20090420,0,5.95795,6.0221,5.86531,5.90808,6264229.462
20090421,0,5.88669,6.00072,5.85106,5.95083,4290140.628
20090422,0,5.91519,6.01497,5.86531,5.87245,3446040.43
20090423,0,5.90095,5.92232,5.8083,5.88669,5128781.746
20090424,0,5.94371,6.00072,5.86531,5.92232,3583282.982
20090427,0,5.89382,5.93658,5.78692,5.85818,3898533.916
20090428,0,5.85818,5.95083,5.78692,5.90095,3390250.265
20090429,0,5.92232,6.02923,5.89382,5.93658,3270670.238
20090430,0,6.00072,6.0221,5.88669,5.90808,3923052.154
20090501,0,5.92232,6.0221,5.85818,6.0221,3317304.795
20090504,0,6.0221,6.18602,6.0221,6.10763,3371284.297
20090505,0,6.129,6.2858,6.04348,6.26441,6380399.839
20090506,0,6.35706,6.40695,6.10763,6.24303,5734465.532
20090507,0,6.35706,6.41407,6.19313,6.25015,5595928.143
20090508,0,6.35706,6.50672,6.29292,6.46397,5121107.769
20090511,0,6.30717,6.4996,6.2074,6.22165,6301122.814
20090512,0,6.22878,6.30004,6.12187,6.129,5430767.915
20090513,0,6.24303,6.27866,5.97222,5.97934,6324251.991
20090514,0,6.00785,6.0221,5.90095,5.97222,5764377.359
20090515,0,6.00785,6.00785,5.82255,5.88669,4348818.625
20090518,0,5.90095,6.04348,5.89382,6.03635,4788570.556
20090519,0,6.07912,6.09336,5.98646,6.0221,3265018.512
20090520,0,6.0221,6.16463,5.95795,5.97934,4637477.872
20090521,0,5.92946,5.95795,5.8083,5.86531,4335659.056
20090522,0,5.85106,5.90095,5.77978,5.78692,2919095.182
20090526,0,5.79405,5.98646,5.77267,5.91519,3783397.98
20090527,0,5.92232,5.98646,5.86531,5.92232,4549307.565
20090528,0,5.95083,6.04348,5.88669,5.98646,3695220.145
20090529,0,6.05773,6.08625,5.86531,5.97934,5067317.028
20090601,0,6.07912,6.09336,5.97934,6.04348,6249422.648
20090602,0,6.02923,6.13612,6.02923,6.12187,3811599.347
20090603,0,6.10763,6.1575,5.97222,5.9936,4216700.862
20090604,0,6.01497,6.05773,5.97934,6.00785,3263875.309
20090605,0,6.11475,6.11475,5.98646,6.00785,4179159.65
20090608,0,6.01497,6.05061,5.91519,5.94371,5236526.353
20090609,0,5.95083,6.03635,5.92946,5.98646,4105088.167
20090610,0,6.00785,6.07912,6.00072,6.05061,4908987.727
20090611,0,6.08625,6.14326,6.05773,6.05773,5199850.354
20090612,0,6.05773,6.09336,6.02923,6.08625,3762968.203
20090615,0,6.06486,6.07199,5.9936,6.00785,4484691.692
20090616,0,6.04348,6.07199,5.93658,5.95795,4941228.054
20090617,0,6.00785,6.0221,5.93658,5.96509,2971962.205
20090618,0,5.9936,6.02923,5.95083,5.95795,2863626.646
20090619,0,6.05061,6.05061,5.84393,5.84393,8694799.423
20090622,0,5.86531,5.95795,5.84393,5.91519,5296216.156
20090623,0,5.90095,6.07912,5.89382,5.98646,9837334.02100001
20090624,0,6.05061,6.17889,5.9936,6.06486,7063033.90300001
20090625,0,6.10763,6.129,6.03635,6.12187,5134488.616
20090626,0,6.06316,6.15858,6.0338,6.05582,5714827.195
20090629,0,6.05582,6.13656,6.0338,6.12922,3851825.126
20090630,0,6.12188,6.16592,6.00443,6.15124,6752673.375
20090701,0,6.16592,6.26869,6.1439,6.20996,4744471.515
20090702,0,6.20262,6.20996,6.09253,6.11454,4513340.875
20090706,0,6.08518,6.1439,6.01911,6.09986,4372728.748
20090707,0,6.1072,6.1439,5.95305,5.95305,4018747.802
20090708,0,5.9971,6.00443,5.7622,5.82092,6659426.694
20090709,0,5.86497,5.90902,5.7989,5.82826,5726710.26800001
20090710,0,5.80625,5.93103,5.65944,5.82092,7941157.22800001
20090713,0,5.81359,5.90167,5.7622,5.90167,3114147.129
20090714,0,5.90902,5.94571,5.81359,5.87965,2991375.128
20090715,0,5.96039,5.96039,5.85029,5.88698,6802205.019
20090716,0,5.87965,5.94571,5.85029,5.88698,8866741.434
20090717,0,5.90167,6.01177,5.88698,5.9971,4490551.996
20090720,0,6.01911,6.08518,5.98976,6.07783,3712284.467
20090721,0,6.07783,6.11454,6.04114,6.1072,3327645.633
20090722,0,6.11454,6.12188,6.0338,6.04848,2495330.204
20090723,0,6.04848,6.20996,6.04848,6.15858,3890037.603
20090724,0,6.12922,6.15858,6.07783,6.15124,2708244.058
20090727,0,6.15858,6.21731,6.09986,6.18061,3328437.444
20090728,0,6.16592,6.26134,6.16592,6.254,4184004.403
20090729,0,6.23933,6.29071,6.20262,6.27603,5020277.809
20090730,0,6.30539,6.40816,6.27603,6.37879,4456061.731
20090731,0,6.42284,6.51826,6.32741,6.43751,6679369.021
20090803,0,6.5256,6.64305,6.43751,6.63571,6650884.768
20090804,0,6.61369,6.66507,6.4889,6.55497,5171427.122
20090805,0,6.54028,6.60635,6.45954,6.57698,4375426.81
20090806,0,6.63571,6.63571,6.29071,6.37879,8249041.396
20090807,0,6.37146,6.50358,6.35677,6.47422,3602991.801
20090810,0,6.45954,6.47422,6.36412,6.42284,3954426.998
20090811,0,6.43018,6.51092,6.27603,6.30539,3940631.011
20090812,0,6.28337,6.34943,6.23933,6.23933,5826265.914
20090813,0,6.29071,6.32007,6.20996,6.31273,5254767.961
20090814,0,6.29805,6.33475,6.20262,6.28337,3747315.636
20090817,0,6.22465,6.24667,6.06316,6.09253,4854671.786
20090818,0,6.12188,6.13656,5.9971,6.01177,5403751.447
20090819,0,6.11454,6.11454,6.02645,6.09986,4301770.135
20090820,0,6.12188,6.18061,6.09253,6.17327,3483185.925
20090821,0,6.20262,6.32007,6.18061,6.32007,4335977.577
20090824,0,6.32007,6.36412,6.31273,6.32741,3423032.54
20090825,0,6.33475,6.37146,6.254,6.26869,5516684.327
20090826,0,6.27603,6.31273,6.23933,6.29805,2857504.671
20090827,0,6.28337,6.37879,6.22465,6.32007,3059037.836
20090828,0,6.37879,6.37879,6.22465,6.28337,3794815.716
20090831,0,6.30539,6.30539,6.22465,6.28337,5772928.615
20090901,0,6.29071,6.30539,6.23933,6.24667,6688272.64599999
20090902,0,6.23933,6.26134,6.16592,6.19528,6663788.859
20090903,0,6.20996,6.22465,6.09253,6.19528,5429291.90900001
20090904,0,6.18061,6.28337,6.15124,6.28337,3332555.716
20090908,0,6.32007,6.37146,6.28337,6.33475,4030368.617
20090909,0,6.38613,6.4889,6.36412,6.45954,7384021.86
20090910,0,6.47422,6.62102,6.44485,6.61369,5700787.872
20090911,0,6.65039,6.67241,6.59167,6.62102,4989595.143
20090914,0,6.60635,6.63571,6.5623,6.62102,5612049.392
20090915,0,6.63571,6.8339,6.59901,6.82656,7690118.176
20090916,0,6.86326,7.05411,6.8339,6.944,8628815.909
20090917,0,6.944,7.04677,6.944,6.98071,6888413.288
20090918,0,6.99538,7.14219,6.97337,7.12751,6445843.13400001
20090921,0,7.14954,7.15688,7.02475,7.04677,6527298.645
20090922,0,7.11283,7.11283,7.02475,7.03943,6609703.041
20090923,0,7.09081,7.18623,7.04677,7.05411,8026616.81200001
20090924,0,7.14219,7.15688,7.06145,7.12751,6704425.433
20090925,0,7.14954,7.34039,7.09081,7.2523,10001397.854
20090928,0,7.26755,7.37298,7.22989,7.33532,8466581.62900001
20090929,0,7.34285,7.46335,7.3052,7.38051,7327723.13
20090930,0,7.68929,7.78719,7.46335,7.61397,14786185.915
20091001,0,7.65163,7.65163,7.47841,7.47841,9201011.95
20091002,0,7.47841,7.47841,7.35038,7.36545,9127809.836
20091005,0,7.45581,7.65916,7.38805,7.62903,10849676.883
20091006,0,7.68929,7.82485,7.58385,7.71188,12368788.007
20091007,0,7.68175,7.70435,7.56878,7.65916,5054782.115
20091008,0,7.65916,7.65916,7.51607,7.56126,7013570.575
20091009,0,7.54619,7.60645,7.53113,7.58385,3308109.22
20091012,0,7.63657,7.63657,7.57632,7.59138,3053898.949
20091013,0,7.59892,7.61397,7.46335,7.55373,5922244.838
20091014,0,7.62903,7.62903,7.51607,7.56878,4481426.89
20091015,0,7.59892,7.71188,7.57632,7.69681,4460867.251
20091016,0,7.65163,7.69681,7.59892,7.6667,3698921.059
20091019,0,7.65916,7.742,7.62903,7.63657,6054285.296
20091020,0,7.67422,7.67422,7.53867,7.58385,4674948.391
20091021,0,7.59892,7.68929,7.53113,7.53113,4988090.522
20091022,0,7.56878,7.61397,7.53113,7.58385,3255364.35
20091023,0,7.57632,7.62903,7.49348,7.50853,4677779.352
20091026,0,7.50853,7.61397,7.45581,7.47088,4733945.034
20091027,0,7.48595,7.5236,7.32027,7.32027,6826885.57
20091028,0,7.37298,7.41816,7.24495,7.24495,5322953.116
20091029,0,7.26755,7.41064,7.26755,7.35792,7448344.169
20091030,0,7.36545,7.39557,7.26001,7.26001,5635285.864
20091102,0,7.3052,7.41064,7.29013,7.36545,5643653.033
20091103,0,7.38051,7.43324,7.2826,7.39557,4468750.678
20091104,0,7.55373,7.57632,7.4031,7.50853,5103625.976
20091105,0,7.59138,7.70435,7.58385,7.6667,4193903.719
20091106,0,7.6667,7.742,7.6215,7.73447,5417569.069
20091109,0,7.70435,7.73447,7.4031,7.56878,11489862.787
20091110,0,7.57632,7.6215,7.5236,7.54619,6359440.265
20091111,0,7.58385,7.6667,7.51607,7.56878,5452636.458
20091112,0,7.56126,7.59892,7.4257,7.43324,5899778.139
20091113,0,7.4483,7.51607,7.44076,7.48595,4400715.535
20091116,0,7.53867,7.60645,7.5236,7.53867,6078626.813
20091117,0,7.59138,7.60645,7.53113,7.55373,4692962.381
20091118,0,7.57632,7.59138,7.51607,7.53867,4854529.651
20091119,0,7.53113,7.56878,7.51607,7.56126,4474892.036
20091120,0,7.55373,7.57632,7.53113,7.56126,4721343.56
20091123,0,7.59892,7.6441,7.56878,7.62903,6666696.194
20091124,0,7.53113,7.6441,7.45581,7.59138,13772201.665
20091125,0,7.57632,7.65163,7.54619,7.62903,9574172.52
20091127,0,7.55373,7.65916,7.48595,7.6215,3310995.291
20091130,0,7.60645,7.6667,7.45581,7.47088,8299311.011
20091201,0,7.53113,7.63657,7.49348,7.62903,5867406.73
20091202,0,7.6441,7.90015,7.63657,7.87756,7502226.98099999
20091203,0,7.90769,7.97547,7.87756,7.91521,5855053.665
20091204,0,7.983,8.04324,7.90769,7.99806,6128628.789
20091207,0,8.05832,8.18634,8.02818,8.08843,7325134.34999999
20091208,0,8.27672,8.27672,8.06584,8.17881,9959556.00000001
20091209,0,8.25412,8.28424,8.13362,8.2014,7574569.705
20091210,0,8.28424,8.29178,8.19387,8.23153,6221794.377
20091211,0,8.26165,8.28424,8.14869,8.28424,6475139.396
20091214,0,8.3219,8.3219,8.2014,8.20893,6169994.407
20091215,0,8.19387,8.23153,8.02066,8.0809,7788158.638
20091216,0,8.18634,8.23906,8.13362,8.16375,5172877.503
20091217,0,8.19387,8.21647,8.0809,8.11103,5389416.877
20091218,0,8.17881,8.24658,8.14869,8.17128,7088193.318
20091221,0,8.23906,8.39721,8.23906,8.35956,5446874.955
20091222,0,8.39721,8.50265,8.32943,8.465,5028778.516
20091223,0,8.54783,8.60808,8.48005,8.54031,5729048.75
20091224,0,8.57043,8.6608,8.55537,8.6608,2806528.763
20091228,0,8.67586,8.77377,8.66833,8.74364,4635396.087
20091229,0,8.77443,8.80522,8.51274,8.54353,7813837.159
20091230,0,8.52814,8.53584,8.32802,8.51274,5147066.008
20091231,0,8.42807,8.54353,8.28954,8.45887,4602137.213
20100104,0,8.45887,8.63589,8.44348,8.55123,6822875.332
20100105,0,8.57432,8.65128,8.51274,8.52814,6626026.998
20100106,0,8.54353,8.59742,8.45117,8.46656,7086603.557
20100107,0,8.46656,8.50504,8.42807,8.45117,6513307.71199999
20100108,0,8.44348,8.45887,8.32033,8.3588,4273957.538
20100111,0,8.3588,8.39729,8.23566,8.35111,7243631.004
20100112,0,8.29723,8.34341,8.18947,8.23566,7268989.464
20100113,0,8.22796,8.31262,8.20487,8.25104,5578698.408
20100114,0,8.28954,8.38959,8.25104,8.31262,5454791.36000001
20100115,0,8.38959,8.40498,8.1433,8.19717,6619117.383
20100119,0,8.30493,8.43577,8.24335,8.40498,6203798.65
20100120,0,8.40498,8.45887,8.29723,8.31262,4599137.06
20100121,0,8.28184,8.3588,8.1202,8.16639,6447008.957
20100122,0,8.16639,8.24335,8.1202,8.1202,6746214.301
20100125,0,8.15868,8.28954,8.1202,8.24335,4631839.08200001
20100126,0,8.25875,8.27413,8.04323,8.1202,6919835.19900001
20100127,0,8.08172,8.1202,7.91238,8.03553,5281112.487
20100128,0,8.08172,8.10481,7.96627,8.02014,5256509.879
20100129,0,8.05863,8.09711,7.92778,7.93548,5038694.066
20100201,0,7.90469,7.97396,7.8585,7.88931,5983322.448
20100202,0,7.90469,8.1433,7.897,8.1125,5420242.806
20100203,0,8.1125,8.15099,8.05863,8.09711,3660004.481
20100204,0,8.08172,8.08172,7.83542,7.83542,4887423.145
20100205,0,7.81233,7.81233,7.60451,7.69687,14189786.7
20100208,0,7.61991,7.82002,7.59682,7.68918,7153417.917
20100209,0,7.78154,7.8739,7.74306,7.78923,4673533.345
20100210,0,7.74306,7.90469,7.74306,7.84311,4644145.836
20100211,0,7.83542,7.84311,7.71227,7.78154,7214466.163
20100212,0,7.81233,7.84311,7.70457,7.83542,4970940.076
20100216,0,7.90469,7.97396,7.83542,7.92778,5244028.162
20100217,0,8.03553,8.08941,7.86621,8.08941,6283956.285
20100218,0,7.95087,8.23566,7.94317,8.22026,8123432.786
20100219,0,8.02784,8.08941,7.82002,7.95087,14537140.145
20100222,0,7.97396,7.97396,7.82002,7.84311,6218553.906
20100223,0,7.8739,7.88931,7.79692,7.80463,7524062.329
20100224,0,7.83542,7.8739,7.81233,7.85081,5345923.723
20100225,0,7.82772,7.82772,7.71996,7.75075,7875409.864
20100226,0,7.77384,7.84311,7.72765,7.79692,7901393.94899999
20100301,0,7.83542,7.95087,7.81233,7.92008,6556031.863
20100302,0,7.96627,8.04323,7.95087,8.00475,7093989.562
20100303,0,8.05863,8.08172,7.85081,7.88159,8885389.908
20100304,0,7.88931,7.98936,7.88931,7.90469,10845058.614
20100305,0,8.02784,8.02784,7.8739,7.98167,7686477.783
20100308,0,8.00475,8.24335,7.95857,8.16639,11442944.971
20100309,0,8.13559,8.29723,8.09711,8.25875,5882773.89100001
20100310,0,8.29723,8.3588,8.24335,8.32802,5848760.24
20100311,0,8.33571,8.33571,8.28184,8.32033,5451018.256
20100312,0,8.3665,8.44348,8.32033,8.43577,5469112.435
20100315,0,8.44348,8.57432,8.3819,8.55892,7649057.705
20100316,0,8.53584,8.58201,8.48965,8.50504,5804657.035
20100317,0,8.55892,8.67438,8.54353,8.63589,5154724.21
20100318,0,8.63589,8.71286,8.5897,8.68207,7199491.339
20100319,0,8.73595,8.77443,8.44348,8.45117,13755448.76
20100322,0,8.45117,8.68978,8.3819,8.63589,6310506.375
20100323,0,8.72055,8.72825,8.63589,8.71286,4175011.919
20100324,0,8.71286,8.72825,8.6282,8.63589,4925152.165
20100325,0,8.65128,8.72055,8.6128,8.6205,4903161.912
20100326,0,8.68207,8.69747,8.6282,8.65128,5751638.25
20100329,0,8.65915,8.69064,8.59618,8.62767,5857015.911
20100330,0,8.58044,8.65128,8.54108,8.58831,4646940.392
20100331,0,8.61192,8.69064,8.52533,8.58044,3958824.186
20100401,0,8.66702,8.68278,8.58044,8.60405,3332062.261
20100405,0,8.66702,8.76149,8.62767,8.73001,3970439.776
20100406,0,8.73787,8.73787,8.60405,8.68278,3980780.528
20100407,0,8.77723,8.77723,8.64341,8.65128,3866369.291
20100408,0,8.65915,8.68278,8.58044,8.65128,4104204.242
20100409,0,8.66702,8.66702,8.55681,8.6198,5455310.878
20100412,0,8.66702,8.69852,8.61192,8.66702,3783151.015
20100413,0,8.6749,8.69064,8.59618,8.65915,3746339.845
20100414,0,8.66702,8.70638,8.61192,8.70638,4878284.51
20100415,0,8.69852,8.76937,8.63554,8.75362,4530327.12400001
20100416,0,8.69852,8.76937,8.58044,8.64341,5430084.90999999
20100419,0,8.58044,8.65915,8.58044,8.65128,4600204.521
20100420,0,8.69852,8.73787,8.65915,8.73787,4101805.838
20100421,0,8.75362,8.76149,8.66702,8.70638,3473868.579
20100422,0,8.68278,8.73001,8.60405,8.72213,5571610.55
20100423,0,8.76149,8.76149,8.65915,8.74574,4256104.089
20100426,0,8.73787,8.7851,8.68278,8.69064,4680340.308
20100427,0,8.69064,8.73787,8.63554,8.64341,5951893.398
20100428,0,8.63554,8.69852,8.6198,8.66702,4317539.615
20100429,0,8.73787,8.76937,8.66702,8.76149,2726797.054
20100430,0,8.76149,8.80873,8.69064,8.69064,4049421.841
20100503,0,8.76149,8.82446,8.69852,8.77723,5244636.724
20100504,0,8.74574,8.76149,8.61192,8.66702,6251478.011
20100505,0,8.6749,8.73001,8.58831,8.65915,6907363.179
20100506,0,8.70638,8.73001,5.48675,8.09237,17783720.96875
20100507,0,8.06876,8.2262,7.91132,8.05301,13568640.094
20100510,0,8.40725,8.55681,8.31279,8.40725,7966230.058
20100511,0,8.40725,8.47022,8.30492,8.3364,8051905.692
20100512,0,8.39938,8.58831,8.32854,8.55681,5610435.526
20100513,0,8.55681,8.64341,8.4781,8.51746,4308297.62
20100514,0,8.49385,8.53321,8.37576,8.44661,4145291.35
20100517,0,8.46236,8.52533,8.36002,8.50958,4518857.799
20100518,0,8.65128,8.65128,8.423,8.46236,5775645.102
20100519,0,8.39938,8.50172,8.36002,8.47022,6355393.80600001
20100520,0,8.34428,8.35214,8.11599,8.17109,9047949.158
20100521,0,8.01365,8.31279,7.99004,8.31279,9336262.66900001
20100524,0,8.24981,8.48597,8.16321,8.30492,5895209.30700001
20100525,0,8.14748,8.28917,8.04514,8.2813,7205659.98400001
20100526,0,8.3364,8.47022,8.28917,8.32854,7030457.148
20100527,0,8.40725,8.56469,8.38364,8.56469,7023402.529
20100528,0,8.58044,8.6198,8.39938,8.40725,8725267.303
20100601,0,8.34428,8.53321,8.32066,8.39938,6140280.49
20100602,0,8.40725,8.6198,8.39938,8.61192,6694527.131
20100603,0,8.62767,8.68278,8.58044,8.66702,5615013.909
20100604,0,8.51746,8.63554,8.46236,8.50958,7046769.279
20100607,0,8.59618,8.6198,8.32066,8.34428,9103430.459
20100608,0,8.34428,8.40725,8.26556,8.3364,8062754.194
20100609,0,8.40725,8.57256,8.32854,8.45449,7085595.807
20100610,0,8.4781,8.63554,8.46236,8.62767,4789881.244
20100611,0,8.59618,8.71426,8.54108,8.71426,3936235.684
20100614,0,8.74574,8.85595,8.73787,8.76937,4702625.708
20100615,0,8.7851,8.89531,8.77723,8.87957,4126957.631
20100616,0,8.86383,8.99766,8.82446,8.99766,5060486.777
20100617,0,9.00551,9.04487,8.85595,9.04487,4805752.802
20100618,0,9.05275,9.05275,8.89531,8.91105,8089224.805
20100621,0,9.01339,9.05275,8.9268,8.98978,4694324.613
20100622,0,9.00551,9.02914,8.89531,8.90319,4361642.804
20100623,0,8.93467,8.95829,8.81659,8.86383,4943024.774
20100624,0,8.87957,8.90319,8.77723,8.79298,4215467.739
20100625,0,8.80873,8.81659,8.73001,8.75362,4893046.199
20100628,0,8.76973,8.9469,8.65698,8.79389,5289702.21100001
20100629,0,8.71336,8.72142,8.57646,8.61673,5779180.328
20100630,0,8.60867,8.66504,8.50398,8.51204,4555252.421
20100701,0,8.49592,8.57646,8.32682,8.49592,5889667.526
20100702,0,8.49592,8.63282,8.45566,8.5362,5039608.324
20100706,0,8.59256,8.72142,8.50398,8.57646,4470899.22
20100707,0,8.59285,8.79411,8.57665,8.78612,4355797.646
20100708,0,8.8021,9.00346,8.77804,9.00346,6047886.612
20100709,0,8.9632,8.99548,8.85857,8.9632,3487726.023
20100712,0,8.92295,9.09191,8.91499,9.01969,5184007.047
20100713,0,9.05996,9.10024,9.00346,9.08394,4487164.968
20100714,0,9.068,9.18877,9.01162,9.18877,5824728.77
20100715,0,9.19674,9.22109,9.10024,9.1646,3929972.707
20100716,0,9.14839,9.1646,8.97945,9.00346,3922255.896
20100719,0,9.0438,9.09191,8.9632,9.03565,3502121.334
20100720,0,8.97945,9.19674,8.9391,9.18071,4210224.63
20100721,0,9.15655,9.19674,9.05179,9.08394,3450260.138
20100722,0,9.14839,9.26125,9.13237,9.2047,3850165.64
20100723,0,9.24518,9.30156,9.18071,9.25312,3815233.613
20100726,0,9.2693,9.39816,9.26125,9.38208,3899961.166
20100727,0,9.40611,9.50276,9.366,9.37395,5005591.433
20100728,0,9.43033,9.48672,9.38208,9.40611,6807068.719
20100729,0,9.45446,9.51898,9.27734,9.30156,7488783.237
20100730,0,9.24518,9.25312,9.07598,9.17266,9378136.238
20100802,0,9.29343,9.366,9.25312,9.29343,7824003.19
20100803,0,9.3256,9.34178,9.2371,9.26125,6216404.807
20100804,0,9.29343,9.31756,9.18877,9.26125,5178542.698
20100805,0,9.25312,9.27734,9.18071,9.2047,6017397.321
20100806,0,9.40611,9.41425,9.25312,9.30156,10100240.49
20100809,0,9.38208,9.42229,9.31756,9.31756,5775062.967
20100810,0,9.30952,9.38208,9.2693,9.30156,7216212.677
20100811,0,9.26125,9.28539,9.14043,9.15655,4504323.444
20100812,0,9.068,9.12432,9.0438,9.068,5969627.045
20100813,0,9.10829,9.2047,9.068,9.12432,4766826.758
20100816,0,9.12432,9.18071,9.10829,9.17266,6228810.931
20100817,0,9.19674,9.29343,9.1646,9.26125,5943247.159
20100818,0,9.3256,9.3256,9.17266,9.17266,16041438.935
20100819,0,9.18071,9.18877,8.99548,9.05179,6930929.35
20100820,0,9.03565,9.05179,8.95515,9.00346,6778109.861
20100823,0,9.0438,9.07598,8.91499,8.92295,5603189.08
20100824,0,8.87472,9.0438,8.83433,9.00346,8629464.07100001
20100825,0,9.068,9.14839,8.9632,9.09191,7232084.549
20100826,0,9.15655,9.17266,9.00346,9.00346,5730454.116
20100827,0,9.05996,9.1646,8.94708,9.1646,3717335.811
20100830,0,9.15655,9.19674,9.12432,9.13237,3033801.229
20100831,0,9.10829,9.30952,9.08394,9.29343,6370877.755
20100901,0,9.34178,9.44641,9.2693,9.43837,5840811.058
20100902,0,9.43837,9.51898,9.40611,9.51091,4979666.849
20100903,0,9.56727,9.62362,9.52704,9.62362,4399702.729
20100907,0,9.62362,9.64781,9.54298,9.62362,3676306.65
20100908,0,9.62362,9.67996,9.61555,9.65577,3903292.362
20100909,0,9.72018,9.78456,9.66384,9.76864,4101023.417
20100910,0,9.76864,9.93771,9.70415,9.92955,4623276.105
20100913,0,10.0586,10.123,9.92955,9.97791,7687907.65
20100914,0,9.80078,9.94567,9.79262,9.92246,4692057.989
20100915,0,9.92955,9.99393,9.87322,9.95382,5622131.956
20100916,0,9.94567,9.96189,9.88934,9.92955,7528035.245
20100917,0,9.98597,10.0424,9.92955,9.99393,5120873.319
20100920,0,10.0666,10.2438,10.0424,10.2116,5669134.297
20100921,0,10.2518,10.3966,10.2034,10.3727,18339195.786
20100922,0,10.3887,10.4209,10.3082,10.3887,16959478.943
20100923,0,10.3483,10.3966,10.3082,10.3646,15244456.118
20100924,0,10.4209,10.5095,10.4047,10.4934,6303524.582
20100927,0,10.4774,10.5095,10.3887,10.4047,7813550.662
20100928,0,10.3802,10.3884,10.1913,10.3556,8653947.82
20100929,0,10.3063,10.3308,10.2077,10.2733,6407105.37
20100930,0,10.2733,10.3308,10.0435,10.0928,8683051.296
20101001,0,10.1175,10.1995,10.068,10.1175,5687937.231
20101004,0,10.1839,10.1995,10.0599,10.0845,2869790.666
20101005,0,10.1338,10.2652,10.1256,10.1831,8009170.463
20101006,0,10.2243,10.2571,10.0928,10.1009,5470510.049
20101007,0,10.1585,10.1667,10.0271,10.1009,4845914.724
20101008,0,10.0107,10.0191,9.93664,9.96956,4229560.784
20101011,0,9.97771,10.0845,9.96956,10.0845,3192938.68
20101012,0,10.0845,10.1009,10.0107,10.0845,5281107.874
20101013,0,10.1175,10.1419,10.0763,10.0928,3611598.172
20101014,0,10.1093,10.2323,10.1093,10.1748,3767704.098
20101015,0,10.2571,10.2817,10.1256,10.1503,7227560.371
20101018,0,10.1913,10.2405,10.1503,10.1995,3482042.199
20101019,0,10.1503,10.1667,10.0353,10.1093,4411937.191
20101020,0,10.1419,10.2488,10.1256,10.2161,3843456.996
20101021,0,10.2243,10.3063,10.1748,10.2405,3634144.472
20101022,0,10.1995,10.2243,10.1419,10.2243,2809293.925
20101025,0,10.2817,10.3063,10.2243,10.2817,4713182.944
20101026,0,10.2323,10.3474,10.2077,10.2981,4385363.477
20101027,0,10.2405,10.29,10.1831,10.2405,3531876.588
20101028,0,10.3063,10.3474,10.2652,10.2981,3626585.286
20101029,0,10.2981,10.4131,10.2652,10.3966,3341562.248
20101101,0,10.4296,10.4623,10.3474,10.3638,3309691.447
20101102,0,10.4459,10.528,10.4213,10.5117,4178440.795
20101103,0,10.5361,10.6348,10.5117,10.6348,5596745.431
20101104,0,10.6676,10.8894,10.6102,10.8894,7003158.09286
20101105,0,10.84,10.873,10.7087,10.8647,4918964.973
20101108,0,10.7744,10.7744,10.4952,10.6348,8628545.31400001
20101109,0,10.6841,10.7579,10.6265,10.6923,5276056.329
20101110,0,10.6676,10.9715,10.6593,10.9632,6357666.39
20101111,0,10.8812,10.914,10.7496,10.8155,4795624.026
20101112,0,10.799,10.799,10.6102,10.6841,4270759.339
20101115,0,10.7005,10.8071,10.6841,10.7169,3266972.608
20101116,0,10.6841,10.7087,10.4623,10.5526,4355682.14
20101117,0,10.5855,10.7496,10.5199,10.7087,5113477.251
20101118,0,10.7663,10.9715,10.7579,10.9715,4647873.914
20101119,0,10.9386,10.955,10.8484,10.8812,4529890.59
20101122,0,10.84,10.8566,10.7415,10.8236,3331710.2
20101123,0,10.7579,10.799,10.6676,10.6759,4374475.318
20101124,0,10.7496,10.8566,10.7496,10.7908,3411859.102
20101126,0,10.7496,10.84,10.7087,10.7887,1370570.318
20101129,0,10.7415,10.7579,10.6018,10.7087,4175193.493
20101130,0,10.6265,10.7744,10.6102,10.7087,5054583.013
20101201,0,10.8071,10.9304,10.7579,10.873,4178691.09
20101202,0,10.8484,11.0783,10.84,11.0454,5185855.641
20101203,0,11.0618,11.2178,11.0289,11.2178,5505832.701
20101206,0,11.1522,11.2261,11.0126,11.1768,6218032.76299999
20101207,0,11.2837,11.3411,11.2097,11.2178,6200575.75799999
20101208,0,11.2588,11.3492,11.2014,11.2425,4862510.853
20101209,0,11.3575,11.53,11.3081,11.5053,8056076.68
20101210,0,11.53,11.5464,11.4314,11.4969,4519550.413
20101213,0,11.5464,11.6202,11.4643,11.6122,4944395.589
20101214,0,11.6613,11.6776,11.53,11.6696,5736841.323
20101215,0,11.6776,11.8255,11.653,11.653,4866947.744
20101216,0,11.653,11.686,11.5627,11.6039,6796069.402
20101217,0,11.6039,11.653,11.4889,11.4889,9891764.331
20101220,0,11.5627,11.6368,11.5546,11.6122,5189308.69299999
20101221,0,11.6368,11.7187,11.5957,11.6368,4591462.73499999
20101222,0,11.6696,11.686,11.6122,11.6776,3301783.625
20101223,0,11.686,11.7025,11.6696,11.6696,2366665.653
20101227,0,11.6696,11.7187,11.5957,11.686,3153888.052
20101228,0,11.7106,11.7187,11.6776,11.7106,3331285.757
20101229,0,11.7689,11.7689,11.6185,11.7187,4569758.405
20101230,0,11.6938,11.744,11.6687,11.6771,2502012.906
20101231,0,11.6687,11.7021,11.652,11.652,2245722.689
20110103,0,11.7021,11.7356,11.6603,11.6771,4446389.5
20110104,0,11.6854,11.7104,11.4931,11.6603,6180496.818
20110105,0,11.6185,11.7272,11.6017,11.7104,4331244.443
20110106,0,11.7021,11.7187,11.3762,11.3846,7224490.86
20110107,0,11.4429,11.4513,11.1923,11.2926,8715033.294
20110110,0,11.2673,11.2673,10.9666,11.1087,9547565.72
20110111,0,11.1003,11.1336,10.8161,10.8578,8664556.815
20110112,0,10.8998,11.1755,10.8745,11.1672,6981633.721
20110113,0,11.1505,11.2006,10.9666,10.9999,5872074.806
20110114,0,10.9666,10.9915,10.8998,10.9498,4810856.712
20110118,0,10.9498,10.9915,10.8245,10.8411,4972838.919
20110119,0,10.7827,10.8161,10.6407,10.6991,6507848.194
20110120,0,10.6657,10.8328,10.6323,10.8161,5670831.053
20110121,0,10.8245,10.8411,10.6238,10.6407,6311493.789
20110124,0,10.6154,10.7994,10.6154,10.674,5569603.039
20110125,0,10.6991,10.7576,10.6071,10.6991,6647432.56999999
20110126,0,10.7325,10.7409,10.6489,10.6991,5771409.90000001
20110127,0,10.7325,10.791,10.6657,10.7743,4537689.417
20110128,0,10.7661,10.7827,10.5653,10.6071,5061786.705
20110131,0,10.6238,10.7661,10.6238,10.7074,4663629.201
20110201,0,10.7827,10.9414,10.7576,10.8829,5687088.934
20110202,0,10.8829,10.9081,10.7661,10.7743,4598519.787
20110203,0,10.7994,10.9248,10.6907,10.9165,4277203.627
20110204,0,10.9414,10.9498,10.8495,10.8914,2895851.69
20110207,0,10.8914,10.9498,10.8745,10.9248,3021506.416
20110208,0,10.9498,11.0166,10.9414,10.9999,3123487.761
20110209,0,10.9332,10.9915,10.9248,10.9248,3641409.787
20110210,0,10.9414,10.9583,10.8745,10.8998,3059836.279
20110211,0,10.8829,11.0251,10.8745,11.0166,3353611.232
20110214,0,11.0251,11.0921,10.9748,11.0752,5583007.21999999
20110215,0,11.0669,11.0921,10.9999,11.0752,3493232.173
20110216,0,11.0836,11.0836,10.9583,11.0586,3835241.989
20110217,0,11.0417,11.0586,10.9666,11.0586,6451234.786
20110218,0,10.9832,11.0502,10.4232,10.5235,17524167.77
20110222,0,10.4483,10.4651,10.114,10.2394,12807136.06
20110223,0,10.2477,10.2812,10.072,10.2059,10386150.49
20110224,0,10.2978,10.3228,10.114,10.2728,6678094.846
20110225,0,10.3479,10.44,10.3228,10.4148,6572417.735
20110228,0,10.4232,10.5737,10.4065,10.4735,6508044.832
20110301,0,10.7409,10.7492,10.4148,10.4148,6262967.24699999
20110302,0,10.4148,10.5569,10.3228,10.3479,7825528.979
20110303,0,10.44,10.5821,10.3395,10.4483,9898372.166
20110304,0,10.44,10.4817,10.3228,10.3647,5557824.26
20110307,0,10.44,10.5069,10.3815,10.4065,7499063.348
20110308,0,10.4651,10.7325,10.4148,10.7325,10067952.363
20110309,0,10.6823,10.7743,10.6238,10.7661,5756918.915
20110310,0,10.7074,10.7661,10.6154,10.6238,6372758.749
20110311,0,10.6407,10.7576,10.6323,10.7409,6099478.788
20110314,0,10.6991,10.7241,10.5904,10.6154,6116052.77500001
20110315,0,10.4483,10.7492,10.3815,10.7241,8509278.115
20110316,0,10.7325,10.8578,10.5318,10.6407,8567946.192
20110317,0,10.7409,10.7661,10.4986,10.6323,7220426.08
20110318,0,10.7827,10.8076,10.6071,10.8076,9314616.06200001
20110321,0,10.8662,10.8914,10.6991,10.7074,8674449.534
20110322,0,10.6823,10.8245,10.6657,10.8245,6116346.758
20110323,0,10.8161,10.8495,10.7661,10.8076,6008003.371
20110324,0,10.8662,10.8662,10.7827,10.8328,5306825.422
20110325,0,10.8495,10.8829,10.7241,10.7743,8152961.18
20110328,0,10.8662,10.9748,10.8245,10.9414,5936231.547
20110329,0,10.9157,10.9243,10.6942,10.8732,6188724.54600001
20110330,0,10.9243,11.0435,10.8561,10.9328,5038281.07
20110331,0,10.9328,11.018,10.9073,10.9669,5489526.962
20110401,0,10.9839,11.018,10.8136,10.8561,5898462.704
20110404,0,10.8646,10.9412,10.8051,10.9157,3557231.739
20110405,0,10.9157,10.9498,10.8392,10.8732,2956640.716
20110406,0,10.8902,10.8987,10.7453,10.7708,5146075.61
20110407,0,10.7795,10.8476,10.66,10.6942,5431950.373
20110408,0,10.7112,10.7965,10.6686,10.7367,2588063.65
20110411,0,10.7453,10.7881,10.6856,10.7881,3940500.099
20110412,0,10.7537,10.7623,10.6515,10.66,3808194.922
20110413,0,10.6771,10.7537,10.6515,10.6771,2951850.136
20110414,0,10.6515,10.6771,10.5493,10.626,4538726.404
20110415,0,10.6686,10.8136,10.5919,10.8051,4525190.611
20110418,0,10.8051,10.8051,10.626,10.6686,3985130.871
20110419,0,10.6515,10.6686,10.5663,10.609,6287530.43
20110420,0,10.7026,10.7282,10.6176,10.6515,4195420.911
20110421,0,10.6771,10.7795,10.6515,10.7795,2710548.892
20110425,0,10.7708,10.7965,10.6515,10.6942,2784253.318
20110426,0,10.7282,10.9243,10.7197,10.9157,3947464.987
20110427,0,10.9584,10.9584,10.7965,10.8817,4922608.474
20110428,0,10.8561,10.9243,10.8306,10.9157,3082441.9
20110429,0,10.9157,10.9328,10.8732,10.9157,3164626.568
20110502,0,10.8987,10.9584,10.8306,10.9243,4753066.24
20110503,0,10.9412,11.1969,10.9243,11.1884,9178908.27648
20110504,0,11.1715,11.2651,11.086,11.2566,5804233.247
20110505,0,10.8817,11.0776,10.6942,10.8392,15128492.852
20110506,0,10.9243,10.9924,10.8476,10.9584,6841915.245
20110509,0,11.001,11.0265,10.8732,11.0094,4513198.291
20110510,0,11.086,11.2907,11.0776,11.2566,5424114.7
20110511,0,11.2907,11.3674,11.1969,11.2992,5509307.088
20110512,0,11.248,11.3845,11.2224,11.3418,3996365.013
20110513,0,11.3504,11.3674,11.2396,11.3418,3729985.441
20110516,0,11.3759,11.4953,11.2822,11.3674,3875392.507
20110517,0,11.3162,11.4611,11.2907,11.4611,4837604.886
20110518,0,11.427,11.4953,11.3929,11.4696,3627204.176
20110519,0,11.4953,11.5463,11.4441,11.5378,2902762.364
20110520,0,11.4953,11.5209,11.4184,11.4867,3874707.512
20110523,0,11.4184,11.4184,11.2907,11.3845,4257428.941
20110524,0,11.41,11.4611,11.3248,11.3759,4544935.727
20110525,0,11.3334,11.3674,11.2566,11.2822,3288773.773
20110526,0,11.2992,11.4526,11.2054,11.4354,3386616.765
20110527,0,11.4354,11.4611,11.3589,11.427,3022526.711
20110531,0,11.5038,11.5124,11.3334,11.4611,5282217.918
20110601,0,11.41,11.4184,11.248,11.2566,5215840.381
20110602,0,11.248,11.3674,11.2224,11.3418,5096342.687
20110603,0,11.231,11.3504,11.1629,11.1884,4298402.825
20110606,0,11.1884,11.1884,11.001,11.035,4113503.735
20110607,0,11.0521,11.1373,10.9498,11.086,5006502.29
20110608,0,11.0776,11.0776,10.9073,10.9584,5299363.914
20110609,0,10.9669,11.1715,10.9498,11.0946,4573079.319
20110610,0,11.0776,11.0776,10.9157,10.9157,4137827.064
20110613,0,10.9924,11.0521,10.8732,10.8817,4299949.985
20110614,0,10.9498,11.0776,10.9243,11.0094,4195079.763
20110615,0,10.9498,11.001,10.8646,10.9157,3965591.914
20110616,0,10.8987,11.0521,10.8732,11.0521,7288219.228
20110617,0,11.1544,11.1715,11.018,11.146,6404147.062
20110620,0,11.146,11.2737,11.1373,11.1969,3860370.441
20110621,0,11.2566,11.3248,11.2224,11.2907,2839453.327
20110622,0,11.2822,11.3845,11.2651,11.2737,2921363.375
20110623,0,11.1799,11.2224,11.0435,11.1969,4421508.123
20110624,0,11.2054,11.248,11.086,11.1117,3092706.882
20110627,0,11.1373,11.2224,11.0776,11.1629,4590770.941
20110628,0,11.2063,11.215,11.0933,11.1975,4647228.218
20110629,0,11.2758,11.2931,11.2063,11.2236,3601346.909
20110630,0,11.2671,11.3192,11.215,11.2584,3111195.756
20110701,0,11.2498,11.4147,11.2498,11.3974,4297474.311
20110705,0,11.3974,11.5102,11.3451,11.4841,6592823.077
20110706,0,11.4841,11.5015,11.3626,11.3974,4421409.925
20110707,0,11.5015,11.5102,11.3713,11.4495,4102122.518
20110708,0,11.3451,11.406,11.3192,11.3886,2998496.541
20110711,0,11.3105,11.3192,11.1975,11.2324,3180970.968
20110712,0,11.215,11.2844,11.1629,11.1975,3925691.199
20110713,0,11.2324,11.2671,11.1021,11.1281,3583157.067
20110714,0,11.1367,11.2324,10.989,11.0065,5008288.241
20110715,0,11.1106,11.1106,10.9195,10.9456,4894650.653
20110718,0,10.9282,10.9456,10.7718,10.8501,4426272.79800001
20110719,0,10.9282,10.9629,10.8761,10.9369,3768224.83
20110720,0,10.989,11.0065,10.8587,10.9021,3876262.389
20110721,0,10.9282,11.076,10.9195,11.0239,3407685.752
20110722,0,11.0152,11.0673,10.9456,11.0413,3853558.549
20110725,0,10.9456,10.9544,10.8501,10.8761,3922137.444
20110726,0,10.8935,10.9456,10.8413,10.8761,3097052.321
20110727,0,10.8674,10.9021,10.737,10.7631,4156584.268
20110728,0,10.7457,10.7979,10.6416,10.6503,4210765.054
20110729,0,10.5982,10.6676,10.2682,10.6069,5621758.477
20110801,0,10.7457,10.8501,10.4331,10.5635,17906962.79
20110802,0,10.5286,10.5374,10.3723,10.3809,11803877.132
20110803,0,10.4244,10.4504,10.0421,10.3809,13195564.48
20110804,0,10.3289,10.3723,9.9378,9.96392,12811775.23
20110805,0,10.0073,10.2072,9.55569,10.0681,13846997.7
20110808,0,9.72076,9.85982,9.34714,9.39067,13887287.7
20110809,0,9.58179,10.0073,9.49498,9.99859,16689178.62
20110810,0,9.9378,10.1463,9.78155,9.8772,18563051.65
20110811,0,9.89459,10.3809,9.85982,10.2594,9485455.36
20110812,0,10.5027,10.5112,10.2507,10.3115,7921105.84
20110815,0,10.4244,10.5286,10.3635,10.52,7104464.519
20110816,0,10.4592,10.4678,10.2941,10.3984,5598925.409
20110817,0,10.4244,10.5895,10.4244,10.52,5276968.385
20110818,0,10.355,10.355,10.129,10.1986,7569112.056
20110819,0,10.0769,10.3115,10.0335,10.1029,5822875.618
20110822,0,10.2507,10.3375,10.0681,10.129,6512880.19
20110823,0,10.1899,10.355,10.155,10.355,6832888.66
20110824,0,10.3897,10.5461,10.3375,10.52,7564371.879
20110825,0,10.5982,10.5982,10.355,10.4158,5770865.871
20110826,0,10.3635,10.5027,10.2072,10.4766,4803849.948
20110829,0,10.5721,10.7197,10.5547,10.7197,5738916.397
20110830,0,10.6763,10.8935,10.6503,10.8587,6428863.872
20110831,0,10.9629,11.076,10.9108,11.0239,7909601.834
20110901,0,11.0239,11.076,10.9195,10.9716,7268695.619
20110902,0,10.7805,10.9979,10.7805,10.8761,7606481.894
20110906,0,10.6329,10.8066,10.5721,10.7892,8596218.38
20110907,0,10.8935,10.9803,10.8239,10.9629,6478702.085
20110908,0,10.8935,11.076,10.8761,11.0325,11691072.18
20110909,0,10.9456,11.0499,10.8587,10.8935,11173797.35
20110912,0,10.7892,10.8847,10.685,10.8761,6737582.21200001
20110913,0,10.8847,11.0152,10.8152,10.9979,8004797.793
20110914,0,11.0587,11.1455,10.9021,11.0499,5944345.998
20110915,0,11.1367,11.1541,11.0413,11.1455,5782639.723
20110916,0,11.1975,11.2931,11.1455,11.1975,5169912.482
20110919,0,11.1193,11.215,11.0325,11.1801,4391217.645
20110920,0,11.241,11.3626,11.1541,11.1629,6550329.36600001
20110921,0,11.1889,11.2236,10.8239,10.8761,7260939.537
20110922,0,10.6588,10.8239,10.4592,10.6242,11174922.371
20110923,0,10.6329,10.7023,10.5461,10.6763,7227396.678
20110926,0,10.7718,10.9456,10.7023,10.8326,9022173.10999999
20110927,0,11.0239,11.0325,10.7023,10.7457,8489785.34
20110928,0,10.7726,10.808,10.4977,10.5154,8784128.622
20110929,0,10.613,10.7017,10.3116,10.5067,7285940.40000001
20110930,0,10.4622,10.5952,10.3382,10.3382,5661456.957
20111003,0,10.285,10.409,9.97461,10.0278,7585384.8
20111004,0,9.93023,9.93916,9.64658,9.84166,14339120.502
20111005,0,9.84166,9.98344,9.80612,9.97461,5522232.95
20111006,0,9.99238,10.0456,9.89478,10.0368,5829286.938
20111007,0,10.1165,10.143,9.91246,9.96567,5192632.82
20111010,0,10.0544,10.1519,10.0278,10.1252,4437913.746
20111011,0,10.1252,10.2141,10.072,10.1697,4945675.45
20111012,0,10.1963,10.4534,10.1963,10.3559,5037216.824
20111013,0,10.3294,10.3382,10.1963,10.285,4408621.006
20111014,0,10.3647,10.5154,10.347,10.5067,5537989.84
20111017,0,10.5421,10.6396,10.4534,10.5598,7131559.1
20111018,0,10.613,10.7193,10.5154,10.6573,6454791.816
20111019,0,10.6927,10.737,10.5952,10.613,5199467.975
20111020,0,10.6307,10.6573,10.4977,10.6218,4512524.389
20111021,0,10.7282,10.7282,10.5067,10.6573,5718934.648
20111024,0,10.6751,10.7459,10.6042,10.6485,7012383.64
20111025,0,10.6485,10.6751,10.471,10.4889,5157135.308
20111026,0,10.5598,10.6042,10.4622,10.5598,5569807.039
20111027,0,10.7282,10.9055,10.6751,10.8524,7973728.9
20111028,0,10.8347,10.9499,10.808,10.879,4094336.01
20111031,0,10.8612,10.9499,10.7902,10.7902,3621231.667
20111101,0,10.6307,10.6839,10.5598,10.6042,5237665.64
20111102,0,10.7193,10.879,10.7017,10.8702,5793330.097
20111103,0,10.9765,11.1717,10.9586,11.1095,8467504.975
20111104,0,10.6839,10.6927,10.276,10.5067,13996761.59
20111107,0,10.6661,10.6661,10.5154,10.6396,8110346.42
20111108,0,10.7282,10.7282,10.5509,10.6485,6387210.374
20111109,0,10.5421,10.5775,10.4356,10.4622,7064784.615
20111110,0,10.7017,10.7017,10.471,10.4889,7818914.606
20111111,0,10.5598,10.6485,10.5509,10.6307,3959157.032
20111114,0,10.613,10.6396,10.4178,10.4534,6110107.608
20111115,0,10.4356,10.4977,10.3824,10.4622,4193406.027
20111116,0,10.4356,10.6042,10.3913,10.4178,6401916.603
20111117,0,10.409,10.4178,10.285,10.3559,7669743.595
20111118,0,10.4001,10.4534,10.2938,10.3204,6060288.641
20111121,0,10.2672,10.285,10.1076,10.1519,5334526.34500001
20111122,0,10.1252,10.1252,9.88595,9.97461,7468376.495
20111123,0,9.91246,9.92139,9.7529,9.83273,6759580.185
20111125,0,9.83273,9.96567,9.76184,9.86817,2284465.245
20111128,0,10.1076,10.143,9.95684,10.0278,5894063.248
20111129,0,10.072,10.2672,10.019,10.1963,9592226.05399999
20111130,0,10.409,10.48,10.347,10.4268,11623337.21
20111201,0,10.4178,10.4356,10.3204,10.3647,7996410.67
20111202,0,10.5332,10.5864,10.3647,10.4268,10145823.9
20111205,0,10.5952,10.6839,10.5154,10.5598,7123831.441
20111206,0,10.5685,10.5864,10.4445,10.4622,7254406.153
20111207,0,10.4445,10.5775,10.3294,10.5332,7014975.67
20111208,0,10.5154,10.5332,10.285,10.2938,6474598.34
20111209,0,10.3913,10.4534,10.2938,10.3913,7722643.23
20111212,0,10.3382,10.3559,10.1252,10.3204,8480317.85
20111213,0,10.3294,10.4356,10.1608,10.2141,5479109.199
20111214,0,10.2051,10.2494,9.99238,10.019,8343930.793
20111215,0,10.0898,10.143,9.97461,10.0898,5864296.453
20111216,0,10.1165,10.276,10.0456,10.2494,8707903.87
20111219,0,10.3026,10.3559,10.1519,10.2051,6398942.23899999
20111220,0,10.3735,10.5067,10.2938,10.3913,8279225.445
20111221,0,10.4001,10.5243,10.3735,10.5154,3932811.044
20111222,0,10.5864,10.6573,10.5154,10.6218,5029886.965
20111223,0,10.6485,10.7104,10.5952,10.6485,5014101.399
20111227,0,10.7017,10.8169,10.6573,10.7902,5127032.76
20111228,0,10.7089,10.8175,10.5912,10.6092,6644808.226
20111229,0,10.6726,10.745,10.6183,10.7179,4232695.633
20111230,0,10.727,10.7631,10.6092,10.6273,5353490.83
20120103,0,10.8084,10.8356,10.6635,10.6817,6152421.63
20120104,0,10.6454,10.6726,10.5277,10.5459,6795265.753
20120105,0,10.5368,10.5459,10.3919,10.5097,8831513.672
20120106,0,10.5459,10.6817,10.4736,10.5912,6044692.314
20120109,0,10.6092,10.6546,10.5187,10.5187,8695213.083
20120110,0,10.5821,10.6908,10.5368,10.6454,8117060.91999999
20120111,0,10.6183,10.7902,10.5912,10.7902,6855545.345
20120112,0,10.8084,10.8356,10.727,10.8266,3980116.079
20120113,0,10.7902,10.9533,10.7722,10.926,10135851.442
20120117,0,11.08,11.1796,10.9984,11.0256,8247556.7
20120118,0,11.0981,11.2158,11.0438,11.1796,7031062.589
20120119,0,11.1705,11.2067,11.0709,11.08,5398702.427
20120120,0,11.0709,11.1796,11.0709,11.1614,4039561.155
20120123,0,11.107,11.1886,11.0256,11.0709,5238268.585
20120124,0,11.0076,11.0438,10.8627,10.9713,6246354.145
20120125,0,10.9623,11.0709,10.8446,11.0619,5571137.236
20120126,0,11.0619,11.107,10.8989,10.9351,4367993.657
20120127,0,10.908,11.0165,10.8627,10.8627,4543585.341
20120130,0,10.8446,10.8718,10.7631,10.8718,4086553.514
20120131,0,10.9533,10.9533,10.8356,10.9171,5247238.169
20120201,0,10.9442,11.1252,10.9171,11.0709,5607213.742
20120202,0,11.0981,11.1705,11.0709,11.1252,6040195.745
20120203,0,11.1976,11.2158,11.089,11.1343,4707199.116
20120206,0,11.1252,11.1886,11.0528,11.1161,3723578.545
20120207,0,11.1161,11.2791,11.107,11.261,6081909.052
20120208,0,11.2067,11.2881,11.1886,11.2337,3943935.189
20120209,0,11.2429,11.2973,11.1614,11.2881,3365771.894
20120210,0,11.1976,11.2791,11.1432,11.1976,3396319.91
20120213,0,11.2519,11.2791,11.1796,11.2249,3674593.246
20120214,0,11.2337,11.2791,11.1343,11.2791,7323958.127
20120215,0,11.2973,11.3063,11.1886,11.2337,4888048.56
20120216,0,11.2337,11.3154,11.2067,11.2881,4412857.698
20120217,0,11.3063,11.3516,11.2881,11.2881,5335983.593
20120221,0,11.3516,11.3606,11.2067,11.2881,8257399.39
20120222,0,11.2881,11.2973,10.8989,10.9803,11275764.29
20120223,0,10.9803,10.9984,10.8627,10.926,9574772.52
20120224,0,10.9623,11.0165,10.9351,11.0076,4827138.41
20120227,0,10.9984,11.0165,10.926,10.9803,5613254.59
20120228,0,10.9803,11.0528,10.9533,11.0076,4118684.736
20120229,0,11.0165,11.0438,10.8989,10.9351,6947911.407
20120301,0,10.9442,10.9894,10.8807,10.9351,7386424.31
20120302,0,10.926,11.0076,10.908,10.9442,4373872.812
20120305,0,10.9533,10.9984,10.8718,10.9442,4317131.779
20120306,0,10.8899,10.9171,10.8627,10.8807,5787329.99
20120307,0,10.8989,10.9533,10.8627,10.926,4039868.333
20120308,0,10.9803,11.0076,10.8537,10.8718,4912958.215
20120309,0,10.8627,11.0165,10.8627,11.0165,3677734.573
20120312,0,11.0347,11.1252,10.9894,10.9984,5036792.988
20120313,0,11.0619,11.0709,10.8807,10.9623,6539103.55
20120314,0,10.9713,10.9894,10.8627,10.8989,5426809.414
20120315,0,10.9171,10.9894,10.8627,10.9894,4721471.483
20120316,0,11.0076,11.0438,10.9442,10.9442,4645216.444
20120319,0,10.9533,11.0528,10.9171,10.9442,4114343.24
20120320,0,10.9533,10.9713,10.8718,10.8807,6336020.049
20120321,0,10.9171,10.9351,10.8718,10.8899,5647535
20120322,0,10.8718,10.9351,10.8266,10.8266,5827346.8
20120323,0,10.8356,10.8446,10.754,10.7813,7145201.05
20120326,0,10.8084,10.8718,10.727,10.7994,7256157.82
20120327,0,10.8537,10.9713,10.8175,10.9171,8466352.15
20120328,0,10.9355,10.9447,10.6489,10.6952,9663616.24999999
20120329,0,10.6859,10.7968,10.5473,10.7598,8133183.14
20120330,0,10.7968,10.8431,10.6674,10.8246,8968149.782
20120402,0,10.8246,10.8615,10.7229,10.8246,6070919.33
20120403,0,10.8431,10.8615,10.6767,10.6952,4291540.676
20120404,0,10.6489,10.7044,10.6213,10.6767,4993824.59
20120405,0,10.6397,10.6674,10.5657,10.6304,4011091.591
20120409,0,10.538,10.5935,10.4918,10.5287,3485291.191
20120410,0,10.501,10.538,10.3161,10.3531,6822675.18899999
20120411,0,10.4086,10.5195,10.3994,10.4825,5388654.45
20120412,0,10.4455,10.5657,10.4364,10.5195,4395833.444
20120413,0,10.4825,10.5195,10.3346,10.3531,6798509.532
20120416,0,10.4548,10.4734,10.3531,10.3808,5356578.487
20120417,0,10.4548,10.5565,10.4086,10.5195,3771182.94
20120418,0,10.4825,10.501,10.4271,10.4918,2934195.455
20120419,0,10.4455,10.5195,10.3716,10.4271,3332751.103
20120420,0,10.4455,10.5104,10.4178,10.4271,3650267.917
20120423,0,10.3994,10.4086,10.3069,10.3439,4281443.169
20120424,0,10.3439,10.3808,10.2699,10.3255,4824324.801
20120425,0,10.3531,10.3994,10.2885,10.3808,5250992.943
20120426,0,10.3716,10.464,10.3625,10.4548,4281844.951
20120427,0,10.4548,10.4734,10.3531,10.4086,4310330.316
20120430,0,10.4086,10.4271,10.3625,10.3901,5403591.031
20120501,0,10.3716,10.5195,10.3531,10.464,5647908.91
20120502,0,10.3808,10.4548,10.3439,10.3901,4723705.369
20120503,0,10.3808,10.5195,10.3808,10.501,4130996.603
20120504,0,10.4455,10.5195,10.4271,10.4734,3688192.467
20120507,0,10.4734,10.575,10.4455,10.538,4006492.47
20120508,0,10.4825,10.5565,10.3531,10.4548,4783292.818
20120509,0,10.3439,10.4455,10.2699,10.4086,6115186.737
20120510,0,10.2145,10.2145,8.70774,9.33633,40695839.6
20120511,0,9.2901,9.31784,9.1237,9.18842,16086071.42
20120514,0,9.15144,9.17918,8.87413,8.93884,18055192.26
20120515,0,8.96656,9.02203,8.67076,8.69849,15471986.29
20120516,0,8.83714,9.00354,8.61529,8.81867,15047652.86
20120517,0,8.87413,8.88337,8.61529,8.68,10030705.13
20120518,0,8.7632,8.83714,8.62454,8.68,8748103.33
20120521,0,8.69849,8.8464,8.68925,8.82791,7599786.39000001
20120522,0,8.85563,8.92035,8.78169,8.81867,9147417.95
20120523,0,8.80942,8.85563,8.60605,8.7632,8512242.523
20120524,0,8.78169,8.81867,8.68,8.72622,5302255.72199999
20120525,0,8.72622,8.80018,8.69849,8.77244,3615571.355
20120529,0,8.82791,8.82791,8.64303,8.68,7048309.29
20120530,0,8.65227,8.68,8.55983,8.61529,6978467.277
20120531,0,8.59681,8.66152,8.47664,8.65227,7545987.4
20120601,0,8.51362,8.68925,8.45815,8.49513,8843925.90999999
20120604,0,8.56908,8.63378,8.3195,8.43041,10038198.258
20120605,0,8.40269,8.49513,8.37496,8.42118,8018056.151
20120606,0,8.50437,8.58757,8.4489,8.53211,7497329.79999999
20120607,0,8.62454,8.66152,8.54134,8.60605,5515712.52
20120608,0,8.59681,8.67076,8.52285,8.65227,5937074.42
20120611,0,8.7632,8.80942,8.67076,8.75396,9082369.722
20120612,0,8.7632,8.80018,8.68925,8.77244,6799938.55
20120613,0,8.73547,8.8464,8.69849,8.7632,6620193.649
20120614,0,8.7632,8.80018,8.68925,8.75396,8019033.79099999
20120615,0,8.77244,8.78169,8.69849,8.75396,10546361.256
20120618,0,8.78169,9.059,8.75396,9.02203,8980054.358
20120619,0,9.059,9.30858,9.03128,9.21614,9685894.92000001
20120620,0,9.2254,9.24388,9.04977,9.1237,7851950.10999999
20120621,0,9.16069,9.19765,8.9111,8.93884,12163168.48
20120622,0,8.96656,9.059,8.8464,8.94807,8184876.028
20120625,0,8.90186,8.95733,8.85563,8.88337,5712327.301
20120626,0,8.94807,9.04977,8.89261,9.03128,8768621.56
20120627,0,9.11666,9.11666,8.82257,8.85103,9342464.11699999
20120628,0,8.78463,8.91743,8.59489,8.83205,12110975.35
20120629,0,8.9459,9.19255,8.91743,9.1546,10551243.84
20120702,0,9.1546,9.32536,9.10717,9.31587,8302161.77000001
20120703,0,9.27793,9.39176,9.24946,9.38228,3775955.338
20120705,0,9.26844,9.38228,9.12614,9.32536,8756139.29
20120706,0,9.24946,9.28741,9.10717,9.25895,7661747.243
20120709,0,9.221,9.36331,9.21152,9.31587,5126181.25
20120710,0,9.34433,9.37279,9.24946,9.27793,5118930.048
20120711,0,9.30638,9.35382,9.23998,9.28741,5858657.48
20120712,0,9.20203,9.24946,9.11666,9.23049,5220760.55
20120713,0,9.221,9.32536,9.21152,9.25895,5709509.049
20120716,0,9.36331,9.36331,9.26844,9.34433,5719797.617
20120717,0,9.39176,9.60047,9.26844,9.49611,9087118.45700001
20120718,0,9.45817,9.48663,9.21152,9.44869,7863451.54199999
20120719,0,9.45817,9.47714,9.36331,9.42971,5835901.377
20120720,0,9.40125,9.40125,9.2969,9.34433,4824063.153
20120723,0,9.23998,9.34433,9.20203,9.27793,5207034.699
20120724,0,9.30638,9.32536,9.0123,9.06922,6696596.229
20120725,0,9.11666,9.13562,8.81308,8.83205,9118495.8
20120726,0,8.98384,9.08819,8.89846,9.04075,7042488.89999999
20120727,0,9.1546,9.25895,9.0787,9.23049,6035370.07
20120730,0,9.23049,9.30638,9.16408,9.2969,5475800.614
20120731,0,9.2969,9.47714,9.26844,9.44869,8227074.722
20120801,0,9.48663,9.62893,9.47714,9.59098,8857439.242
20120802,0,9.54355,9.62893,9.34433,9.45817,7237691.83300001
20120803,0,9.52458,9.60047,9.48663,9.51509,4099059.284
20120806,0,9.56253,9.60047,9.5056,9.53407,5392377.119
20120807,0,9.56253,9.78068,9.56253,9.73329,9440091.63400001
20120808,0,9.53407,9.68585,9.1546,9.53407,17062290.65
20120809,0,9.19255,9.20203,8.64232,8.82257,37041045.73
20120810,0,8.84154,8.95537,8.73719,8.92692,11670160.74
20120813,0,8.9459,8.98384,8.87,8.92692,7516098.37999999
20120814,0,8.97435,9.05973,8.92692,9.02179,6305779.01
20120815,0,9.05024,9.12614,8.97435,9.09768,6145957.162
20120816,0,9.11666,9.12614,8.87,9.11666,11609805.594
20120817,0,9.11666,9.11666,9.0123,9.05973,5009895.20599999
20120820,0,9.0123,9.08819,8.87948,8.92692,8267519.24499999
20120821,0,9.04075,9.17357,8.98384,9.06922,10022481.07
20120822,0,9.06922,9.1546,9.04075,9.09768,7078877.977
20120823,0,9.06922,9.12614,8.96486,9.04075,7498552.409
20120824,0,9.06922,9.23998,9.03128,9.23049,6718725.416
20120827,0,9.23998,9.24946,9.12614,9.1546,3288035.031
20120828,0,9.1546,9.26844,9.11666,9.23049,5922139.474
20120829,0,9.26844,9.48663,9.20203,9.44869,15246638.88
20120830,0,9.46766,9.46766,9.2969,9.35382,5439136.838
20120831,0,9.39176,9.39176,9.24946,9.38228,4195684.234
20120904,0,9.33484,9.46766,9.33484,9.45817,7734671.53
20120905,0,9.46766,9.5056,9.4392,9.45817,7969685.074
20120906,0,9.48663,9.64791,9.44869,9.61944,9320244.524
20120907,0,9.60047,9.77126,9.52458,9.68585,6752967.21
20120910,0,9.70482,9.86613,9.67636,9.72377,7392924.34
20120911,0,9.76174,10.0084,9.72377,9.97995,7860692.79600001
20120912,0,9.97043,10.1697,9.97043,10.1507,8146685.405
20120913,0,10.1317,10.2455,10.1128,10.1507,12050590.844
20120914,0,10.1507,10.3973,10.1412,10.2266,11426940.26
20120917,0,10.2455,10.3215,10.1602,10.2835,6116483.21
20120918,0,10.2551,10.2835,10.0842,10.1697,6914811.184
20120919,0,10.1886,10.3499,10.1412,10.293,3650539.698
20120920,0,10.2646,10.4164,10.2455,10.312,3134764.547
20120921,0,10.3689,10.4733,10.3404,10.3784,6568944.432
20120924,0,10.3784,10.4542,10.312,10.3973,7329026.599
20120925,0,10.3973,10.4448,10.2455,10.2551,7797397.93
20120926,0,10.216,10.2452,9.58481,10.1189,13117939.74
20120927,0,10.0898,10.1092,9.90527,10.0024,6072187.48
20120928,0,9.96354,9.98296,9.71105,9.79845,9810023.21099999
20121001,0,9.78874,9.87614,9.65278,9.68192,9191926.8
20121002,0,9.68192,9.76932,9.54596,9.58481,7306578.47
20121003,0,9.55567,9.78874,9.38087,9.74018,11499717.866
20121004,0,9.79845,9.79845,9.63336,9.7596,5983931.91000001
20121005,0,9.79845,9.97325,9.76932,9.87614,7562593.495
20121008,0,9.85671,9.91498,9.77903,9.83729,5888535.414
20121009,0,9.83729,9.91498,9.63336,9.65278,5369573.52
20121010,0,9.73047,9.87614,9.6722,9.79845,6857774.08
20121011,0,9.89556,9.89556,9.64307,9.7596,5536627.25700001
20121012,0,9.79845,9.83729,9.64307,9.68192,4873905.479
20121015,0,9.70134,9.78874,9.61394,9.68192,5284898.39
20121016,0,9.71105,9.76932,9.64307,9.70134,4829895.815
20121017,0,9.73047,9.90527,9.68192,9.87614,7111318.155
20121018,0,9.89556,9.94411,9.76932,9.81787,4313154.63
20121019,0,9.78874,9.80816,9.61394,9.62365,5048051.681
20121022,0,9.62365,9.70134,9.43914,9.4877,5949365.636
20121023,0,9.44885,9.4877,9.29347,9.38087,10634529.43
20121024,0,9.37116,9.45856,9.34203,9.37116,4931427.744
20121025,0,9.4003,9.44885,9.27405,9.35174,3830955.578
20121026,0,9.35174,9.4003,9.27405,9.38087,3360848.007
20121031,0,9.39058,9.44885,9.24492,9.25463,4446647.549
20121101,0,9.24492,9.34203,9.24492,9.32261,3262048.225
20121102,0,9.34203,9.41972,9.2255,9.25463,3841049.174
20121105,0,9.23521,9.25463,9.09925,9.2255,4848167.535
20121106,0,9.25463,9.27405,9.09925,9.15752,5227366.195
20121107,0,9.11868,9.32261,8.99243,9.1381,10600794.408
20121108,0,8.74966,8.76908,8.23497,8.2641,33536442.56
20121109,0,8.22526,8.39035,8.03104,8.25439,14143789.02
20121112,0,8.28352,8.40006,8.16699,8.19613,6336847.068
20121113,0,8.19613,8.24468,7.99219,7.99219,7592525.27
20121114,0,7.97277,8.06988,7.86595,7.94364,7546845.17
20121115,0,7.97277,8.06017,7.83682,7.98248,8935082.94
20121116,0,7.85624,8.04075,7.63288,8.02133,20419838.42
20121119,0,8.07959,8.22526,8.06017,8.11844,7885261.33
20121120,0,8.09902,8.13786,8.0019,8.0456,4675238.606
20121121,0,8.04075,8.0893,7.97277,8.0019,3537306.598
20121123,0,8.02133,8.09902,8.02133,8.03104,1559818.316
20121126,0,8.06988,8.09902,8.02133,8.03104,4713728.926
20121127,0,8.04075,8.10873,8.01162,8.06988,5074179.547
20121128,0,7.84653,8.22526,7.83682,8.20584,10599188.023
20121129,0,8.23497,8.25439,8.10873,8.20584,6345381.08
20121130,0,8.20584,8.24468,8.09902,8.13786,9206744.65000001
20121203,0,8.13786,8.19613,8.02133,8.14757,5876327.686
20121204,0,8.11844,8.30295,8.06988,8.25439,7221498.685
20121205,0,8.25439,8.34179,8.20584,8.29324,6544190.145
20121206,0,8.23497,8.30295,8.13786,8.22526,5914103.882
20121207,0,8.24468,8.25439,8.0893,8.11844,5495445.98
20121210,0,8.11844,8.20584,8.09902,8.13786,5915785.927
20121211,0,8.15728,8.25439,8.12815,8.1767,5572144.88
20121212,0,8.19613,8.4389,8.18641,8.28352,6969357.945
20121213,0,8.30295,8.4389,8.30295,8.40977,4933497.677
20121214,0,8.42919,8.59428,8.40006,8.5263,12665102.91
20121217,0,8.53601,8.56515,8.38064,8.56515,10848381.09
20121218,0,8.53601,8.71081,8.49717,8.69139,9743940.869
20121219,0,8.7011,8.73994,8.57486,8.63312,8092461.38
20121220,0,8.63312,8.71081,8.53601,8.65254,7109874.15
20121221,0,8.62341,8.63312,8.40977,8.47775,9566557.00100001
20121224,0,8.40977,8.45832,8.34179,8.42919,2316658.22
20121226,0,8.42919,8.5263,8.38064,8.40006,5845181.96299999
20121227,0,8.38,8.45,8.21,8.41,10312648
20121228,0,8.31,8.4,8.28,8.3,7488606
20121231,0,8.27,8.31,8.18,8.29,9266006
20130102,0,8.51,8.79,8.49,8.79,11300530
20130103,0,8.75,8.9,8.66,8.88,9187877
20130104,0,8.9,9.4,8.86,9.32,16293429
20130107,0,9.27,9.75,9.2,9.67,17594396
20130108,0,9.67,9.72,9.48,9.61,8364845
20130109,0,9.63,9.82,9.57,9.8,8202639
20130110,0,9.8,9.93,9.76,9.92,10540608
20130111,0,9.9,9.96,9.83,9.96,5218879
20130114,0,9.94,10,9.91,10,5337360
20130115,0,10,10,9.62,9.72,9939109
20130116,0,9.65,9.7,9.45,9.61,10158648
20130117,0,9.64,9.67,9.57,9.58,5201266
20130118,0,9.58,9.64,9.49,9.63,8720929
